<?xml version="1.0" encoding="UTF-8"?>

<kml xmlns="http://www.opengis.net/kml/2.3"
    xmlns:atom="http://www.w3.org/2005/Atom"
    xmlns:opentracks="http://opentracksapp.com/xmlschemas/v1"
    xmlns:xsi="http://www.w3.org/2001/XMLSchema-instance"
    xsi:schemaLocation="http://www.opengis.net/kml/2.3 http://schemas.opengis.net/kml/2.3/ogckml23.xsd
                        http://opentracksapp.com/xmlschemas/v1 http://opentracksapp.com/xmlschemas/OpenTracks_v1.xsd">

<Document>
<open>1</open>
<visibility>1</visibility>
<name><![CDATA[2026-09-12T10:01+0530]]></name>
<atom:generator><![CDATA[OpenTracks]]></atom:generator>
<Style id="track">
<LineStyle><color>7f0000ff</color><width>4</width></LineStyle>
<IconStyle>
<scale>1.3</scale>
<Icon />
</IconStyle>
</Style>
<Style id="waypoint"><IconStyle>
<Icon />
</IconStyle></Style>
<Schema id="schema">
<SimpleArrayField name="speed" type="float">
<displayName><![CDATA[Speed (m/s)]]></displayName>
</SimpleArrayField>
<SimpleArrayField name="power" type="float">
<displayName><![CDATA[Power (W)]]></displayName>
</SimpleArrayField>
<SimpleArrayField name="cadence" type="float">
<displayName><![CDATA[Cadence (rpm)]]></displayName>
</SimpleArrayField>
<SimpleArrayField name="heartrate" type="float">
<displayName><![CDATA[Heart rate (bpm)]]></displayName>
</SimpleArrayField>
<SimpleArrayField name="temperature" type="float">
<displayName><![CDATA[Temperature (Celsius)]]></displayName>
</SimpleArrayField>
</Schema>
<Placemark>
<name><![CDATA[2026-09-12T10:01+0530]]></name>
<description><![CDATA[]]></description>
<opentracks:trackid>0d7bdef3-4513-41d0-b023-c13701fc78b6</opentracks:trackid>
<styleUrl>#track</styleUrl>
<ExtendedData>
<Data name="activityType"><value><![CDATA[running]]></value></Data>
</ExtendedData>
<ExtendedData>
<Data name="type"><value><![CDATA[Running]]></value></Data>
</ExtendedData>
<MultiTrack>
<altitudeMode>absolute</altitudeMode>
<interpolate>1</interpolate>
<Track>
<when>2026-09-12T10:01:10.314+05:30</when>
<coord/>
<when>2026-09-12T10:01:11.416+05:30</when>
<coord>77.596044 12.979543 835.789306640625</coord>
<when>2026-09-12T10:01:14.414+05:30</when>
<coord>77.596085 12.979429 838.13818359375</coord>
<when>2026-09-12T10:01:18.418+05:30</when>
<coord>77.596135 12.979345 840.46337890625</coord>
<when>2026-09-12T10:01:24.414+05:30</when>
<coord>77.596114 12.979254 848.5999755859375</coord>
<when>2026-09-12T10:01:29.413+05:30</when>
<coord>77.596077 12.979163 833.4864501953125</coord>
<when>2026-09-12T10:01:34.417+05:30</when>
<coord>77.595992 12.979119 832.773193359375</coord>
<when>2026-09-12T10:01:36.411+05:30</when>
<coord>77.595943 12.979026 825.7740478515625</coord>
<when>2026-09-12T10:01:46.42+05:30</when>
<coord>77.595855 12.978938 833.8681640625</coord>
<when>2026-09-12T10:01:52.411+05:30</when>
<coord>77.59579 12.978865 838.68701171875</coord>
<when>2026-09-12T10:01:58.413+05:30</when>
<coord>77.595862 12.979081 817.5855712890625</coord>
<when>2026-09-12T10:01:59.426+05:30</when>
<coord>77.595735 12.978918 838.9910888671875</coord>
<when>2026-09-12T10:02:00.573+05:30</when>
<coord>77.595798 12.978761 809.149658203125</coord>
<when>2026-09-12T10:02:10.582+05:30</when>
<coord>77.595748 12.978802 824.419921875</coord>
<when>2026-09-12T10:02:10.603+05:30</when>
<coord>77.595748 12.978802 824.419921875</coord>
<when>2026-09-12T10:02:16.583+05:30</when>
<coord>77.59567 12.978734 823.353759765625</coord>
<when>2026-09-12T10:02:23.591+05:30</when>
<coord>77.595578 12.978691 825.134521484375</coord>
<when>2026-09-12T10:02:31.58+05:30</when>
<coord>77.595484 12.978652 827.8048095703125</coord>
<when>2026-09-12T10:02:39.589+05:30</when>
<coord>77.595402 12.97861 828.342041015625</coord>
<when>2026-09-12T10:02:47.597+05:30</when>
<coord>77.595343 12.978536 829.78662109375</coord>
<when>2026-09-12T10:02:55.584+05:30</when>
<coord>77.595263 12.978472 830.022705078125</coord>
<when>2026-09-12T10:03:03.592+05:30</when>
<coord>77.595191 12.978411 824.72705078125</coord>
<when>2026-09-12T10:03:11.614+05:30</when>
<coord>77.595109 12.978351 826.94775390625</coord>
<when>2026-09-12T10:03:19.593+05:30</when>
<coord>77.59503 12.978282 828.899658203125</coord>
<when>2026-09-12T10:03:26.599+05:30</when>
<coord>77.594953 12.978223 830.07861328125</coord>
<when>2026-09-12T10:03:33.608+05:30</when>
<coord>77.594883 12.978161 828.351806640625</coord>
<when>2026-09-12T10:03:41.622+05:30</when>
<coord>77.594815 12.978092 828.1988525390625</coord>
<when>2026-09-12T10:03:49.612+05:30</when>
<coord>77.594734 12.978035 830.603271484375</coord>
<when>2026-09-12T10:03:57.602+05:30</when>
<coord>77.594656 12.977984 830.9521484375</coord>
<when>2026-09-12T10:04:06.606+05:30</when>
<coord>77.59457 12.977933 828.509033203125</coord>
<when>2026-09-12T10:04:14.596+05:30</when>
<coord>77.594501 12.977866 827.666015625</coord>
<when>2026-09-12T10:04:22.599+05:30</when>
<coord>77.594432 12.977798 827.91455078125</coord>
<when>2026-09-12T10:04:30.598+05:30</when>
<coord>77.594352 12.977735 825.467529296875</coord>
<when>2026-09-12T10:04:37.617+05:30</when>
<coord>77.594279 12.977679 825.1102294921875</coord>
<when>2026-09-12T10:04:45.598+05:30</when>
<coord>77.594207 12.97761 826.55029296875</coord>
<when>2026-09-12T10:04:52.604+05:30</when>
<coord>77.594131 12.977556 827.0360107421875</coord>
<when>2026-09-12T10:04:59.605+05:30</when>
<coord>77.594064 12.977494 827.575439453125</coord>
<when>2026-09-12T10:05:07.609+05:30</when>
<coord>77.593995 12.977424 828.31298828125</coord>
<when>2026-09-12T10:05:15.611+05:30</when>
<coord>77.593983 12.977333 828.276123046875</coord>
<when>2026-09-12T10:05:23.621+05:30</when>
<coord>77.593981 12.977241 826.4322509765625</coord>
<when>2026-09-12T10:05:31.612+05:30</when>
<coord>77.593909 12.977169 829.147705078125</coord>
<when>2026-09-12T10:05:39.602+05:30</when>
<coord>77.593818 12.977124 829.30322265625</coord>
<when>2026-09-12T10:05:47.597+05:30</when>
<coord>77.593734 12.977078 826.902099609375</coord>
<when>2026-09-12T10:05:55.613+05:30</when>
<coord>77.593664 12.977017 825.90087890625</coord>
<when>2026-09-12T10:06:03.608+05:30</when>
<coord>77.593587 12.976956 823.9765625</coord>
<when>2026-09-12T10:06:11.603+05:30</when>
<coord>77.593534 12.976876 822.0037841796875</coord>
<when>2026-09-12T10:06:18.602+05:30</when>
<coord>77.593488 12.97678 826.408203125</coord>
<when>2026-09-12T10:06:25.601+05:30</when>
<coord>77.593444 12.976692 827.0517578125</coord>
<when>2026-09-12T10:06:33.605+05:30</when>
<coord>77.593413 12.976597 827.31396484375</coord>
<when>2026-09-12T10:06:41.598+05:30</when>
<coord>77.593389 12.976505 825.727783203125</coord>
<when>2026-09-12T10:06:48.604+05:30</when>
<coord>77.593397 12.97641 828.0615234375</coord>
<when>2026-09-12T10:06:55.597+05:30</when>
<coord>77.59343 12.976321 827.68310546875</coord>
<when>2026-09-12T10:07:02.581+05:30</when>
<coord>77.593485 12.976245 827.54833984375</coord>
<when>2026-09-12T10:07:09.587+05:30</when>
<coord>77.593563 12.976192 827.0177001953125</coord>
<when>2026-09-12T10:07:17.609+05:30</when>
<coord>77.593654 12.976144 827.3946533203125</coord>
<when>2026-09-12T10:07:25.592+05:30</when>
<coord>77.593751 12.976148 826.57470703125</coord>
<when>2026-09-12T10:07:32.598+05:30</when>
<coord>77.59385 12.976154 826.680419921875</coord>
<when>2026-09-12T10:07:40.606+05:30</when>
<coord>77.593947 12.976167 826.25927734375</coord>
<when>2026-09-12T10:07:48.6+05:30</when>
<coord>77.594045 12.976194 828.1806640625</coord>
<when>2026-09-12T10:07:56.604+05:30</when>
<coord>77.594141 12.976218 827.639404296875</coord>
<when>2026-09-12T10:08:05.601+05:30</when>
<coord>77.594219 12.976164 824.6181640625</coord>
<when>2026-09-12T10:08:13.581+05:30</when>
<coord>77.594288 12.976094 825.24169921875</coord>
<when>2026-09-12T10:08:22.587+05:30</when>
<coord>77.594359 12.976018 826.13427734375</coord>
<when>2026-09-12T10:08:29.578+05:30</when>
<coord>77.594451 12.976002 829.840576171875</coord>
<when>2026-09-12T10:08:37.575+05:30</when>
<coord>77.594517 12.976066 829.4951171875</coord>
<when>2026-09-12T10:08:46.584+05:30</when>
<coord>77.594561 12.976156 828.07421875</coord>
<when>2026-09-12T10:08:55.599+05:30</when>
<coord>77.594637 12.976222 826.4638671875</coord>
<when>2026-09-12T10:09:03.587+05:30</when>
<coord>77.594694 12.976296 827.8900146484375</coord>
<when>2026-09-12T10:09:10.572+05:30</when>
<coord>77.594759 12.976364 828.62841796875</coord>
<when>2026-09-12T10:09:17.58+05:30</when>
<coord>77.594831 12.976422 827.828125</coord>
<when>2026-09-12T10:09:24.59+05:30</when>
<coord>77.5949 12.976489 831.2479248046875</coord>
<when>2026-09-12T10:09:31.577+05:30</when>
<coord>77.594969 12.976554 833.380126953125</coord>
<when>2026-09-12T10:09:39.575+05:30</when>
<coord>77.595049 12.9766 829.1883544921875</coord>
<when>2026-09-12T10:09:47.577+05:30</when>
<coord>77.595127 12.976664 828.666748046875</coord>
<when>2026-09-12T10:09:55.569+05:30</when>
<coord>77.595201 12.976728 827.1676025390625</coord>
<when>2026-09-12T10:10:03.581+05:30</when>
<coord>77.595266 12.976793 826.90673828125</coord>
<when>2026-09-12T10:10:10.584+05:30</when>
<coord>77.595354 12.976826 825.518310546875</coord>
<when>2026-09-12T10:10:18.59+05:30</when>
<coord>77.59545 12.976867 824.43212890625</coord>
<when>2026-09-12T10:10:25.58+05:30</when>
<coord>77.595545 12.976888 826.51025390625</coord>
<when>2026-09-12T10:10:33.592+05:30</when>
<coord>77.59564 12.976914 828.1336669921875</coord>
<when>2026-09-12T10:10:41.591+05:30</when>
<coord>77.595739 12.976913 827.834228515625</coord>
<when>2026-09-12T10:10:49.588+05:30</when>
<coord>77.595841 12.976923 827.501953125</coord>
<when>2026-09-12T10:10:57.586+05:30</when>
<coord>77.595939 12.976932 825.906494140625</coord>
<when>2026-09-12T10:11:05.584+05:30</when>
<coord>77.596034 12.976916 827.254638671875</coord>
<when>2026-09-12T10:11:13.585+05:30</when>
<coord>77.596136 12.97689 825.033203125</coord>
<when>2026-09-12T10:11:20.579+05:30</when>
<coord>77.596233 12.976875 824.10693359375</coord>
<when>2026-09-12T10:11:27.58+05:30</when>
<coord>77.596326 12.976876 823.490966796875</coord>
<when>2026-09-12T10:11:34.586+05:30</when>
<coord>77.596423 12.976874 822.9971923828125</coord>
<when>2026-09-12T10:11:42.585+05:30</when>
<coord>77.596523 12.976871 824.729248046875</coord>
<when>2026-09-12T10:11:50.57+05:30</when>
<coord>77.59662 12.976886 824.1513671875</coord>
<when>2026-09-12T10:11:58.579+05:30</when>
<coord>77.596724 12.976899 822.69921875</coord>
<when>2026-09-12T10:12:06.581+05:30</when>
<coord>77.596826 12.976917 823.135498046875</coord>
<when>2026-09-12T10:12:14.591+05:30</when>
<coord>77.596927 12.976939 823.4342041015625</coord>
<when>2026-09-12T10:12:22.569+05:30</when>
<coord>77.597017 12.976968 825.546142578125</coord>
<when>2026-09-12T10:12:30.582+05:30</when>
<coord>77.597118 12.97698 825.0885009765625</coord>
<when>2026-09-12T10:12:37.582+05:30</when>
<coord>77.597207 12.977004 827.436767578125</coord>
<when>2026-09-12T10:12:45.586+05:30</when>
<coord>77.597303 12.977024 826.86328125</coord>
<when>2026-09-12T10:12:53.588+05:30</when>
<coord>77.597401 12.977042 828.7529296875</coord>
<when>2026-09-12T10:13:00.592+05:30</when>
<coord>77.597495 12.977045 830.3511962890625</coord>
<when>2026-09-12T10:13:08.584+05:30</when>
<coord>77.597596 12.977042 831.0423583984375</coord>
<when>2026-09-12T10:13:16.592+05:30</when>
<coord>77.5977 12.977042 830.589599609375</coord>
<when>2026-09-12T10:13:24.586+05:30</when>
<coord>77.597796 12.977019 829.70556640625</coord>
<when>2026-09-12T10:13:32.585+05:30</when>
<coord>77.597898 12.977007 830.3870849609375</coord>
<when>2026-09-12T10:13:39.57+05:30</when>
<coord>77.597988 12.976982 830.253662109375</coord>
<when>2026-09-12T10:13:46.584+05:30</when>
<coord>77.598083 12.976974 829.92822265625</coord>
<when>2026-09-12T10:13:53.577+05:30</when>
<coord>77.598179 12.976954 828.7581787109375</coord>
<when>2026-09-12T10:14:01.583+05:30</when>
<coord>77.598274 12.976952 832.2447509765625</coord>
<when>2026-09-12T10:14:11.586+05:30</when>
<coord>77.598292 12.977013 831.53369140625</coord>
<when>2026-09-12T10:14:11.599+05:30</when>
<coord>77.598292 12.977013 831.53369140625</coord>
<when>2026-09-12T10:14:19.979+05:30</when>
<coord>77.598252 12.977103 826.328369140625</coord>
<when>2026-09-12T10:14:27.579+05:30</when>
<coord>77.598192 12.97718 823.1856689453125</coord>
<when>2026-09-12T10:14:35.578+05:30</when>
<coord>77.598132 12.977253 819.0177001953125</coord>
<when>2026-09-12T10:14:43.584+05:30</when>
<coord>77.598104 12.977349 822.224853515625</coord>
<when>2026-09-12T10:14:51.573+05:30</when>
<coord>77.598061 12.977435 823.96142578125</coord>
<when>2026-09-12T10:14:59.576+05:30</when>
<coord>77.59803 12.97753 822.51220703125</coord>
<when>2026-09-12T10:15:07.584+05:30</when>
<coord>77.597985 12.977621 821.009521484375</coord>
<when>2026-09-12T10:15:13.581+05:30</when>
<coord>77.597941 12.977704 824.4931640625</coord>
<when>2026-09-12T10:15:20.581+05:30</when>
<coord>77.597904 12.977789 824.220458984375</coord>
<when>2026-09-12T10:15:27.583+05:30</when>
<coord>77.597876 12.977882 822.47705078125</coord>
<when>2026-09-12T10:15:34.581+05:30</when>
<coord>77.597839 12.977974 826.065185546875</coord>
<when>2026-09-12T10:15:41.592+05:30</when>
<coord>77.597799 12.978056 826.768310546875</coord>
<when>2026-09-12T10:15:49.584+05:30</when>
<coord>77.597758 12.978146 824.396728515625</coord>
<when>2026-09-12T10:15:56.591+05:30</when>
<coord>77.597719 12.978228 822.7628173828125</coord>
<when>2026-09-12T10:16:03.58+05:30</when>
<coord>77.597674 12.97831 825.094482421875</coord>
<when>2026-09-12T10:16:10.591+05:30</when>
<coord>77.597623 12.978392 825.8671875</coord>
<when>2026-09-12T10:16:17.587+05:30</when>
<coord>77.597577 12.978475 828.114013671875</coord>
<when>2026-09-12T10:16:24.586+05:30</when>
<coord>77.597529 12.978553 828.2366943359375</coord>
<when>2026-09-12T10:16:31.578+05:30</when>
<coord>77.597499 12.97864 829.4033203125</coord>
<when>2026-09-12T10:16:39.584+05:30</when>
<coord>77.597467 12.978729 829.190185546875</coord>
<when>2026-09-12T10:16:46.567+05:30</when>
<coord>77.597401 12.978796 828.005126953125</coord>
<when>2026-09-12T10:16:55.586+05:30</when>
<coord>77.597352 12.978879 829.181640625</coord>
<when>2026-09-12T10:17:05.585+05:30</when>
<coord>77.597291 12.978952 828.296875</coord>
<when>2026-09-12T10:17:15.579+05:30</when>
<coord>77.597275 12.979048 824.758544921875</coord>
<when>2026-09-12T10:17:25.582+05:30</when>
<coord>77.597289 12.979143 824.9752197265625</coord>
<when>2026-09-12T10:17:33.587+05:30</when>
<coord>77.597251 12.979239 825.90087890625</coord>
<when>2026-09-12T10:17:41.579+05:30</when>
<coord>77.597224 12.979334 828.176025390625</coord>
<when>2026-09-12T10:17:49.585+05:30</when>
<coord>77.597181 12.979415 826.169921875</coord>
<when>2026-09-12T10:17:57.589+05:30</when>
<coord>77.597137 12.979499 827.50048828125</coord>
<when>2026-09-12T10:18:06.588+05:30</when>
<coord>77.597092 12.979589 827.6085205078125</coord>
<when>2026-09-12T10:18:14.587+05:30</when>
<coord>77.59704 12.979669 828.7332763671875</coord>
<when>2026-09-12T10:18:21.589+05:30</when>
<coord>77.596995 12.979749 829.31494140625</coord>
<when>2026-09-12T10:18:29.582+05:30</when>
<coord>77.596956 12.979842 828.683837890625</coord>
<when>2026-09-12T10:18:37.58+05:30</when>
<coord>77.596884 12.979913 828.740478515625</coord>
<when>2026-09-12T10:18:44.577+05:30</when>
<coord>77.596813 12.979971 829.1427001953125</coord>
<when>2026-09-12T10:18:52.594+05:30</when>
<coord>77.596721 12.980001 830.398193359375</coord>
<when>2026-09-12T10:19:02.584+05:30</when>
<coord>77.596634 12.980025 829.1513671875</coord>
<when>2026-09-12T10:19:02.613+05:30</when>
<coord>77.596634 12.980025 829.1513671875</coord>
<when>2026-09-12T10:19:14.575+05:30</when>
<coord>77.596599 12.979936 832.350341796875</coord>
<when>2026-09-12T10:19:23.584+05:30</when>
<coord>77.596618 12.979847 833.745361328125</coord>
<when>2026-09-12T10:19:32.586+05:30</when>
<coord>77.59657 12.97976 826.9989013671875</coord>
<when>2026-09-12T10:19:42.58+05:30</when>
<coord>77.596505 12.979829 824.9132080078125</coord>
<when>2026-09-12T10:19:52.573+05:30</when>
<coord>77.596523 12.979888 823.2740478515625</coord>
<when>2026-09-12T10:19:52.599+05:30</when>
<coord>77.596523 12.979888 823.2740478515625</coord>
<when>2026-09-12T10:19:58.571+05:30</when>
<coord>77.596583 12.979962 827.9298095703125</coord>
<when>2026-09-12T10:20:07.575+05:30</when>
<coord>77.596661 12.980019 825.648681640625</coord>
<when>2026-09-12T10:20:16.585+05:30</when>
<coord>77.596711 12.980096 828.9395751953125</coord>
<when>2026-09-12T10:20:26.593+05:30</when>
<coord>77.59675 12.980151 829.874267578125</coord>
<when>2026-09-12T10:20:26.626+05:30</when>
<coord>77.59675 12.980151 829.874267578125</coord>
<when>2026-09-12T10:20:54.576+05:30</when>
<coord>77.596704 12.980068 828.15185546875</coord>
<when>2026-09-12T10:21:01.578+05:30</when>
<coord>77.596657 12.979989 828.438232421875</coord>
<when>2026-09-12T10:21:11.585+05:30</when>
<coord>77.59661 12.979917 832.32177734375</coord>
<when>2026-09-12T10:21:11.61+05:30</when>
<coord>77.59661 12.979917 832.32177734375</coord>
<when>2026-09-12T10:21:21.571+05:30</when>
<coord>77.596546 12.979846 832.213134765625</coord>
<when>2026-09-12T10:21:29.571+05:30</when>
<coord>77.596487 12.979767 831.893310546875</coord>
<when>2026-09-12T10:21:38.578+05:30</when>
<coord>77.596448 12.979672 826.1630859375</coord>
<when>2026-09-12T10:21:47.577+05:30</when>
<coord>77.596385 12.979606 825.333984375</coord>
<when>2026-09-12T10:21:48.59+05:30</when>
<coord>77.596385 12.979606 825.333984375</coord>
<when>2026-09-12T10:21:55.57+05:30</when>
<coord>77.596346 12.979518 827.155029296875</coord>
<when>2026-09-12T10:22:03.57+05:30</when>
<coord>77.596282 12.979446 827.4097900390625</coord>
<when>2026-09-12T10:22:11.574+05:30</when>
<coord>77.59622 12.979376 829.1121826171875</coord>
<when>2026-09-12T10:22:19.578+05:30</when>
<coord>77.596179 12.979291 830.146484375</coord>
<when>2026-09-12T10:22:27.575+05:30</when>
<coord>77.596126 12.979205 826.0849609375</coord>
<when>2026-09-12T10:22:34.568+05:30</when>
<coord>77.596051 12.979132 828.033447265625</coord>
<when>2026-09-12T10:22:42.588+05:30</when>
<coord>77.595971 12.97908 824.281982421875</coord>
<when>2026-09-12T10:22:50.568+05:30</when>
<coord>77.595908 12.979013 829.041259765625</coord>
<when>2026-09-12T10:22:59.571+05:30</when>
<coord>77.595831 12.978945 829.040283203125</coord>
<when>2026-09-12T10:23:06.576+05:30</when>
<coord>77.595777 12.978864 832.8145751953125</coord>
<when>2026-09-12T10:23:14.582+05:30</when>
<coord>77.595704 12.978797 831.8433837890625</coord>
<when>2026-09-12T10:23:24.579+05:30</when>
<coord>77.595625 12.978733 829.241455078125</coord>
<when>2026-09-12T10:23:33.597+05:30</when>
<coord>77.59553 12.978719 827.7666015625</coord>
<when>2026-09-12T10:23:43.572+05:30</when>
<coord>77.595455 12.978652 831.9088134765625</coord>
<when>2026-09-12T10:23:52.578+05:30</when>
<coord>77.59539 12.97858 830.218994140625</coord>
<when>2026-09-12T10:23:59.575+05:30</when>
<coord>77.595314 12.978525 828.642822265625</coord>
<when>2026-09-12T10:24:09.574+05:30</when>
<coord>77.595251 12.97845 827.9326171875</coord>
<when>2026-09-12T10:24:17.573+05:30</when>
<coord>77.595173 12.978391 827.751953125</coord>
<when>2026-09-12T10:24:25.585+05:30</when>
<coord>77.595096 12.978326 830.193603515625</coord>
<when>2026-09-12T10:24:33.582+05:30</when>
<coord>77.595013 12.978264 828.2490234375</coord>
<when>2026-09-12T10:24:41.584+05:30</when>
<coord>77.594931 12.978204 827.4180908203125</coord>
<when>2026-09-12T10:24:50.577+05:30</when>
<coord>77.594862 12.978133 829.7216796875</coord>
<when>2026-09-12T10:24:58.583+05:30</when>
<coord>77.594778 12.978074 827.045166015625</coord>
<when>2026-09-12T10:25:06.577+05:30</when>
<coord>77.594702 12.978022 827.2730712890625</coord>
<when>2026-09-12T10:25:14.581+05:30</when>
<coord>77.594629 12.977963 827.869873046875</coord>
<when>2026-09-12T10:25:22.577+05:30</when>
<coord>77.594561 12.977893 824.040283203125</coord>
<when>2026-09-12T10:25:31.569+05:30</when>
<coord>77.594494 12.977828 826.50244140625</coord>
<when>2026-09-12T10:25:39.584+05:30</when>
<coord>77.594418 12.977768 827.019775390625</coord>
<when>2026-09-12T10:25:47.591+05:30</when>
<coord>77.594332 12.977713 827.55224609375</coord>
<when>2026-09-12T10:25:54.578+05:30</when>
<coord>77.594254 12.977658 822.981201171875</coord>
<when>2026-09-12T10:26:03.585+05:30</when>
<coord>77.594182 12.977592 824.2723388671875</coord>
<when>2026-09-12T10:26:11.586+05:30</when>
<coord>77.594106 12.977539 823.2974853515625</coord>
<when>2026-09-12T10:26:19.577+05:30</when>
<coord>77.594035 12.977474 822.2520751953125</coord>
<when>2026-09-12T10:26:26.584+05:30</when>
<coord>77.593967 12.97741 824.02294921875</coord>
<when>2026-09-12T10:26:34.617+05:30</when>
<coord>77.593989 12.977316 823.603515625</coord>
<when>2026-09-12T10:26:43.577+05:30</when>
<coord>77.593965 12.977226 825.0302734375</coord>
<when>2026-09-12T10:26:52.591+05:30</when>
<coord>77.593898 12.977162 823.83349609375</coord>
<when>2026-09-12T10:27:00.583+05:30</when>
<coord>77.59381 12.977122 823.00146484375</coord>
<when>2026-09-12T10:27:09.584+05:30</when>
<coord>77.593719 12.977078 824.5931396484375</coord>
<when>2026-09-12T10:27:18.589+05:30</when>
<coord>77.59364 12.977021 821.239501953125</coord>
<when>2026-09-12T10:27:25.576+05:30</when>
<coord>77.593575 12.97694 825.46435546875</coord>
<when>2026-09-12T10:27:33.591+05:30</when>
<coord>77.593534 12.976859 829.33349609375</coord>
<when>2026-09-12T10:27:42.573+05:30</when>
<coord>77.593517 12.97676 833.124755859375</coord>
<when>2026-09-12T10:27:50.566+05:30</when>
<coord>77.593467 12.976678 832.861083984375</coord>
<when>2026-09-12T10:27:59.585+05:30</when>
<coord>77.593408 12.976595 827.72314453125</coord>
<when>2026-09-12T10:28:07.583+05:30</when>
<coord>77.593399 12.976492 824.7437744140625</coord>
<when>2026-09-12T10:28:14.583+05:30</when>
<coord>77.593411 12.9764 825.908447265625</coord>
<when>2026-09-12T10:28:22.582+05:30</when>
<coord>77.593467 12.97632 827.697998046875</coord>
<when>2026-09-12T10:28:29.579+05:30</when>
<coord>77.59354 12.976251 828.341796875</coord>
<when>2026-09-12T10:28:36.586+05:30</when>
<coord>77.593609 12.976189 828.645263671875</coord>
<when>2026-09-12T10:28:44.568+05:30</when>
<coord>77.5937 12.976152 829.225341796875</coord>
<when>2026-09-12T10:28:52.586+05:30</when>
<coord>77.593798 12.976147 826.9205322265625</coord>
<when>2026-09-12T10:29:00.599+05:30</when>
<coord>77.5939 12.976162 825.6192626953125</coord>
<when>2026-09-12T10:29:08.593+05:30</when>
<coord>77.593996 12.97619 825.646484375</coord>
<when>2026-09-12T10:29:16.575+05:30</when>
<coord>77.594085 12.976228 825.9853515625</coord>
<when>2026-09-12T10:29:23.58+05:30</when>
<coord>77.594174 12.976197 822.4482421875</coord>
<when>2026-09-12T10:29:31.586+05:30</when>
<coord>77.594252 12.976129 822.488037109375</coord>
<when>2026-09-12T10:29:39.581+05:30</when>
<coord>77.594321 12.976054 823.6317138671875</coord>
<when>2026-09-12T10:29:47.585+05:30</when>
<coord>77.59439 12.975987 823.7174072265625</coord>
<when>2026-09-12T10:29:57.583+05:30</when>
<coord>77.59447 12.976039 821.1805419921875</coord>
<when>2026-09-12T10:30:05.583+05:30</when>
<coord>77.594526 12.976115 822.027099609375</coord>
<when>2026-09-12T10:30:14.586+05:30</when>
<coord>77.594608 12.976171 821.2098388671875</coord>
<when>2026-09-12T10:30:23.571+05:30</when>
<coord>77.594685 12.976238 823.158447265625</coord>
<when>2026-09-12T10:30:30.578+05:30</when>
<coord>77.594747 12.976309 825.5247802734375</coord>
<when>2026-09-12T10:30:37.583+05:30</when>
<coord>77.594812 12.976386 825.495849609375</coord>
<when>2026-09-12T10:30:44.58+05:30</when>
<coord>77.594873 12.976455 829.7607421875</coord>
<when>2026-09-12T10:30:53.578+05:30</when>
<coord>77.594937 12.976529 828.156494140625</coord>
<when>2026-09-12T10:31:03.584+05:30</when>
<coord>77.595016 12.976593 825.5166015625</coord>
<when>2026-09-12T10:31:11.588+05:30</when>
<coord>77.595101 12.976643 827.480224609375</coord>
<when>2026-09-12T10:31:19.583+05:30</when>
<coord>77.595167 12.976708 825.8392333984375</coord>
<when>2026-09-12T10:31:26.572+05:30</when>
<coord>77.595248 12.976759 825.794189453125</coord>
<when>2026-09-12T10:31:34.586+05:30</when>
<coord>77.595339 12.976805 825.4140625</coord>
<when>2026-09-12T10:31:41.58+05:30</when>
<coord>77.595426 12.976841 822.39013671875</coord>
<when>2026-09-12T10:31:48.599+05:30</when>
<coord>77.595513 12.976881 824.1650390625</coord>
<when>2026-09-12T10:31:56.583+05:30</when>
<coord>77.595605 12.976918 825.7200927734375</coord>
<when>2026-09-12T10:32:04.588+05:30</when>
<coord>77.595706 12.976915 822.685791015625</coord>
<when>2026-09-12T10:32:12.578+05:30</when>
<coord>77.595809 12.976913 822.1451416015625</coord>
<when>2026-09-12T10:32:20.58+05:30</when>
<coord>77.595902 12.976902 823.0601806640625</coord>
<when>2026-09-12T10:32:28.593+05:30</when>
<coord>77.595995 12.976883 823.20166015625</coord>
<when>2026-09-12T10:32:35.584+05:30</when>
<coord>77.596096 12.976876 824.5391845703125</coord>
<when>2026-09-12T10:32:42.566+05:30</when>
<coord>77.59619 12.976871 826.3258056640625</coord>
<when>2026-09-12T10:32:49.587+05:30</when>
<coord>77.596296 12.976867 825.9990234375</coord>
<when>2026-09-12T10:32:56.59+05:30</when>
<coord>77.59639 12.976864 828.103759765625</coord>
<when>2026-09-12T10:33:04.573+05:30</when>
<coord>77.596494 12.976859 828.2872314453125</coord>
<when>2026-09-12T10:33:12.577+05:30</when>
<coord>77.596592 12.976873 828.3193359375</coord>
<when>2026-09-12T10:33:20.582+05:30</when>
<coord>77.596695 12.976887 824.848388671875</coord>
<when>2026-09-12T10:33:27.577+05:30</when>
<coord>77.596785 12.976908 825.448486328125</coord>
<when>2026-09-12T10:33:35.575+05:30</when>
<coord>77.596878 12.976937 827.939697265625</coord>
<when>2026-09-12T10:33:43.586+05:30</when>
<coord>77.596976 12.976968 827.1982421875</coord>
<when>2026-09-12T10:33:52.578+05:30</when>
<coord>77.597078 12.97699 824.570556640625</coord>
<when>2026-09-12T10:34:00.586+05:30</when>
<coord>77.597179 12.977007 825.21875</coord>
<when>2026-09-12T10:34:08.578+05:30</when>
<coord>77.597278 12.977029 829.40966796875</coord>
<when>2026-09-12T10:34:16.584+05:30</when>
<coord>77.597382 12.977033 828.5380859375</coord>
<when>2026-09-12T10:34:24.579+05:30</when>
<coord>77.597486 12.977042 827.595703125</coord>
<when>2026-09-12T10:34:32.578+05:30</when>
<coord>77.597586 12.977055 826.6024169921875</coord>
<when>2026-09-12T10:34:40.58+05:30</when>
<coord>77.59769 12.977043 826.310546875</coord>
<when>2026-09-12T10:34:48.577+05:30</when>
<coord>77.597788 12.977023 827.079833984375</coord>
<when>2026-09-12T10:34:57.584+05:30</when>
<coord>77.597884 12.977009 826.825927734375</coord>
<when>2026-09-12T10:35:06.586+05:30</when>
<coord>77.597982 12.976983 828.69970703125</coord>
<when>2026-09-12T10:35:15.577+05:30</when>
<coord>77.598078 12.976967 825.9178466796875</coord>
<when>2026-09-12T10:35:24.584+05:30</when>
<coord>77.598173 12.97693 825.306884765625</coord>
<when>2026-09-12T10:35:33.593+05:30</when>
<coord>77.598269 12.976917 826.5848388671875</coord>
<when>2026-09-12T10:35:43.578+05:30</when>
<coord>77.598292 12.977003 825.6029052734375</coord>
<when>2026-09-12T10:35:43.614+05:30</when>
<coord>77.598292 12.977003 825.6029052734375</coord>
<when>2026-09-12T10:35:51.58+05:30</when>
<coord>77.5982 12.977042 822.7772216796875</coord>
<when>2026-09-12T10:35:59.584+05:30</when>
<coord>77.598126 12.977105 824.560546875</coord>
<when>2026-09-12T10:36:07.586+05:30</when>
<coord>77.598047 12.977154 821.6259765625</coord>
<when>2026-09-12T10:36:15.576+05:30</when>
<coord>77.597962 12.977208 820.2088623046875</coord>
<when>2026-09-12T10:36:23.596+05:30</when>
<coord>77.597885 12.977266 819.5755615234375</coord>
<when>2026-09-12T10:36:31.58+05:30</when>
<coord>77.597805 12.977319 820.868408203125</coord>
<when>2026-09-12T10:36:39.586+05:30</when>
<coord>77.597723 12.977362 824.110595703125</coord>
<when>2026-09-12T10:36:49.577+05:30</when>
<coord>77.597637 12.977405 826.218017578125</coord>
<when>2026-09-12T10:36:58.587+05:30</when>
<coord>77.59755 12.977448 823.5947265625</coord>
<when>2026-09-12T10:37:06.584+05:30</when>
<coord>77.597458 12.977474 822.51904296875</coord>
<when>2026-09-12T10:37:15.575+05:30</when>
<coord>77.597359 12.977491 824.86474609375</coord>
<when>2026-09-12T10:37:24.585+05:30</when>
<coord>77.597276 12.977541 824.05126953125</coord>
<when>2026-09-12T10:37:32.588+05:30</when>
<coord>77.597215 12.977623 823.441650390625</coord>
<when>2026-09-12T10:37:41.581+05:30</when>
<coord>77.597164 12.977706 821.3748779296875</coord>
<when>2026-09-12T10:37:50.585+05:30</when>
<coord>77.597112 12.977784 822.92626953125</coord>
<when>2026-09-12T10:37:58.591+05:30</when>
<coord>77.597064 12.977862 821.3536376953125</coord>
<when>2026-09-12T10:38:06.581+05:30</when>
<coord>77.597016 12.977943 820.36767578125</coord>
<when>2026-09-12T10:38:14.578+05:30</when>
<coord>77.596963 12.97802 820.9183349609375</coord>
<when>2026-09-12T10:38:22.587+05:30</when>
<coord>77.596901 12.978087 823.146240234375</coord>
<when>2026-09-12T10:38:32.584+05:30</when>
<coord>77.596846 12.978153 824.021728515625</coord>
<when>2026-09-12T10:38:32.606+05:30</when>
<coord>77.596846 12.978153 824.021728515625</coord>
<when>2026-09-12T10:38:42.577+05:30</when>
<coord>77.596779 12.978222 823.999267578125</coord>
<when>2026-09-12T10:38:50.596+05:30</when>
<coord>77.596721 12.978299 824.65771484375</coord>
<when>2026-09-12T10:38:57.578+05:30</when>
<coord>77.596656 12.978372 822.77001953125</coord>
<when>2026-09-12T10:39:07.579+05:30</when>
<coord>77.596568 12.978401 821.10009765625</coord>
<when>2026-09-12T10:39:07.607+05:30</when>
<coord>77.596568 12.978401 821.10009765625</coord>
<when>2026-09-12T10:39:16.583+05:30</when>
<coord>77.596475 12.978396 820.56884765625</coord>
<when>2026-09-12T10:39:26.584+05:30</when>
<coord>77.596374 12.97839 820.69970703125</coord>
<when>2026-09-12T10:39:36.579+05:30</when>
<coord>77.596279 12.978386 824.2694091796875</coord>
<when>2026-09-12T10:39:45.585+05:30</when>
<coord>77.596193 12.978346 824.196044921875</coord>
<when>2026-09-12T10:39:55.583+05:30</when>
<coord>77.596097 12.978318 822.5665283203125</coord>
<when>2026-09-12T10:40:04.584+05:30</when>
<coord>77.595998 12.978332 818.7919921875</coord>
<when>2026-09-12T10:40:13.588+05:30</when>
<coord>77.595901 12.978338 820.99658203125</coord>
<when>2026-09-12T10:40:22.587+05:30</when>
<coord>77.595805 12.978357 823.55078125</coord>
<when>2026-09-12T10:40:32.59+05:30</when>
<coord>77.595703 12.978367 823.514404296875</coord>
<when>2026-09-12T10:40:41.583+05:30</when>
<coord>77.595604 12.978377 819.957275390625</coord>
<when>2026-09-12T10:40:50.587+05:30</when>
<coord>77.595514 12.978401 819.050537109375</coord>
<when>2026-09-12T10:41:00.582+05:30</when>
<coord>77.59543 12.978429 820.0126953125</coord>
<when>2026-09-12T10:41:00.607+05:30</when>
<coord>77.59543 12.978429 820.0126953125</coord>
<when>2026-09-12T10:41:10.59+05:30</when>
<coord>77.595339 12.97847 824.8438720703125</coord>
<when>2026-09-12T10:41:18.585+05:30</when>
<coord>77.595246 12.978491 824.3082275390625</coord>
<when>2026-09-12T10:41:28.578+05:30</when>
<coord>77.595178 12.978422 825.532470703125</coord>
<when>2026-09-12T10:41:38.586+05:30</when>
<coord>77.595117 12.97836 826.063232421875</coord>
<when>2026-09-12T10:41:38.603+05:30</when>
<coord>77.595117 12.97836 826.063232421875</coord>
<when>2026-09-12T10:41:47.581+05:30</when>
<coord>77.595053 12.978292 826.1298828125</coord>
<when>2026-09-12T10:41:55.593+05:30</when>
<coord>77.594976 12.978242 828.82666015625</coord>
<when>2026-09-12T10:42:04.584+05:30</when>
<coord>77.594898 12.978181 827.29541015625</coord>
<when>2026-09-12T10:42:14.585+05:30</when>
<coord>77.594816 12.978122 827.337158203125</coord>
<when>2026-09-12T10:42:23.59+05:30</when>
<coord>77.594743 12.978066 826.358642578125</coord>
<when>2026-09-12T10:42:32.59+05:30</when>
<coord>77.594663 12.978011 826.9869384765625</coord>
<when>2026-09-12T10:42:40.578+05:30</when>
<coord>77.59461 12.977937 825.60205078125</coord>
<when>2026-09-12T10:42:48.582+05:30</when>
<coord>77.594535 12.977879 826.084716796875</coord>
<when>2026-09-12T10:42:56.576+05:30</when>
<coord>77.594459 12.977827 826.839599609375</coord>
<when>2026-09-12T10:43:05.572+05:30</when>
<coord>77.594375 12.977776 825.17724609375</coord>
<when>2026-09-12T10:43:14.591+05:30</when>
<coord>77.594304 12.977707 827.211669921875</coord>
<when>2026-09-12T10:43:22.586+05:30</when>
<coord>77.594229 12.977638 825.5389404296875</coord>
<when>2026-09-12T10:43:31.576+05:30</when>
<coord>77.594153 12.977575 825.751708984375</coord>
<when>2026-09-12T10:43:40.59+05:30</when>
<coord>77.594079 12.977503 825.087158203125</coord>
<when>2026-09-12T10:43:49.588+05:30</when>
<coord>77.593993 12.977444 828.08935546875</coord>
<when>2026-09-12T10:43:58.585+05:30</when>
<coord>77.593977 12.977345 827.825439453125</coord>
<when>2026-09-12T10:44:06.588+05:30</when>
<coord>77.594005 12.97725 829.7861328125</coord>
<when>2026-09-12T10:44:15.583+05:30</when>
<coord>77.59395 12.977167 827.2923583984375</coord>
<when>2026-09-12T10:44:24.583+05:30</when>
<coord>77.593867 12.977123 824.4317626953125</coord>
<when>2026-09-12T10:44:33.576+05:30</when>
<coord>77.593774 12.977084 823.5655517578125</coord>
<when>2026-09-12T10:44:42.576+05:30</when>
<coord>77.59369 12.97704 823.3658447265625</coord>
<when>2026-09-12T10:44:49.582+05:30</when>
<coord>77.593624 12.976969 826.01318359375</coord>
<when>2026-09-12T10:44:56.582+05:30</when>
<coord>77.593578 12.976888 829.9874267578125</coord>
<when>2026-09-12T10:45:04.587+05:30</when>
<coord>77.593536 12.9768 833.36474609375</coord>
<when>2026-09-12T10:45:12.585+05:30</when>
<coord>77.593494 12.976712 833.341064453125</coord>
<when>2026-09-12T10:45:21.578+05:30</when>
<coord>77.59344 12.976624 826.5509033203125</coord>
<when>2026-09-12T10:45:29.578+05:30</when>
<coord>77.593411 12.976532 825.04931640625</coord>
<when>2026-09-12T10:45:37.582+05:30</when>
<coord>77.593402 12.976431 824.36181640625</coord>
<when>2026-09-12T10:45:45.583+05:30</when>
<coord>77.593439 12.976337 826.8138427734375</coord>
<when>2026-09-12T10:45:53.571+05:30</when>
<coord>77.593492 12.976261 825.987060546875</coord>
<when>2026-09-12T10:46:01.59+05:30</when>
<coord>77.593575 12.976204 828.365966796875</coord>
<when>2026-09-12T10:46:08.59+05:30</when>
<coord>77.593657 12.976159 828.4873046875</coord>
<when>2026-09-12T10:46:16.601+05:30</when>
<coord>77.593757 12.976141 827.46826171875</coord>
<when>2026-09-12T10:46:24.587+05:30</when>
<coord>77.593854 12.976134 827.1060791015625</coord>
<when>2026-09-12T10:46:32.586+05:30</when>
<coord>77.593949 12.976162 828.77099609375</coord>
<when>2026-09-12T10:46:40.582+05:30</when>
<coord>77.594036 12.976204 830.2275390625</coord>
<when>2026-09-12T10:46:48.589+05:30</when>
<coord>77.59413 12.976216 828.5994873046875</coord>
<when>2026-09-12T10:46:57.584+05:30</when>
<coord>77.594222 12.97618 825.9429931640625</coord>
<when>2026-09-12T10:47:05.608+05:30</when>
<coord>77.594296 12.976111 824.0260009765625</coord>
<when>2026-09-12T10:47:14.589+05:30</when>
<coord>77.594372 12.976042 827.0731201171875</coord>
<when>2026-09-12T10:47:22.588+05:30</when>
<coord>77.594453 12.975987 829.1380615234375</coord>
<when>2026-09-12T10:47:30.571+05:30</when>
<coord>77.594494 12.97607 828.7099609375</coord>
<when>2026-09-12T10:47:40.583+05:30</when>
<coord>77.59455 12.976149 827.8426513671875</coord>
<when>2026-09-12T10:47:49.577+05:30</when>
<coord>77.594632 12.976204 828.00732421875</coord>
<when>2026-09-12T10:47:58.575+05:30</when>
<coord>77.594704 12.976269 827.5455322265625</coord>
<when>2026-09-12T10:48:06.58+05:30</when>
<coord>77.594772 12.976343 823.9818115234375</coord>
<when>2026-09-12T10:48:15.58+05:30</when>
<coord>77.594843 12.976414 823.7589111328125</coord>
<when>2026-09-12T10:48:24.587+05:30</when>
<coord>77.594906 12.976497 825.62255859375</coord>
<when>2026-09-12T10:48:32.583+05:30</when>
<coord>77.594971 12.976562 825.089111328125</coord>
<when>2026-09-12T10:48:40.586+05:30</when>
<coord>77.59505 12.976623 826.4334716796875</coord>
<when>2026-09-12T10:48:48.583+05:30</when>
<coord>77.595118 12.976693 826.3035888671875</coord>
<when>2026-09-12T10:48:56.585+05:30</when>
<coord>77.595192 12.97675 825.40771484375</coord>
<when>2026-09-12T10:49:04.576+05:30</when>
<coord>77.595276 12.976801 828.464599609375</coord>
<when>2026-09-12T10:49:11.579+05:30</when>
<coord>77.595357 12.976848 826.878173828125</coord>
<when>2026-09-12T10:49:18.586+05:30</when>
<coord>77.59545 12.976868 825.0230712890625</coord>
<when>2026-09-12T10:49:26.59+05:30</when>
<coord>77.595546 12.976894 824.462158203125</coord>
<when>2026-09-12T10:49:34.584+05:30</when>
<coord>77.595637 12.976915 824.7857666015625</coord>
<when>2026-09-12T10:49:42.587+05:30</when>
<coord>77.595733 12.976918 824.69580078125</coord>
<when>2026-09-12T10:49:50.576+05:30</when>
<coord>77.595828 12.976915 826.640625</coord>
<when>2026-09-12T10:49:58.582+05:30</when>
<coord>77.59592 12.976892 826.843505859375</coord>
<when>2026-09-12T10:50:07.588+05:30</when>
<coord>77.596019 12.976871 825.6641845703125</coord>
<when>2026-09-12T10:50:16.576+05:30</when>
<coord>77.596121 12.976856 825.447509765625</coord>
<when>2026-09-12T10:50:22.584+05:30</when>
<coord>77.596227 12.976865 828.007568359375</coord>
<when>2026-09-12T10:50:29.593+05:30</when>
<coord>77.596328 12.976857 826.437255859375</coord>
<when>2026-09-12T10:50:38.588+05:30</when>
<coord>77.596428 12.976853 827.2474365234375</coord>
<when>2026-09-12T10:50:45.587+05:30</when>
<coord>77.596526 12.976868 824.757080078125</coord>
<when>2026-09-12T10:50:54.586+05:30</when>
<coord>77.596627 12.976893 822.23876953125</coord>
<when>2026-09-12T10:51:02.573+05:30</when>
<coord>77.596724 12.97691 823.171142578125</coord>
<when>2026-09-12T10:51:10.581+05:30</when>
<coord>77.59682 12.976934 825.0391845703125</coord>
<when>2026-09-12T10:51:19.583+05:30</when>
<coord>77.596916 12.976952 826.3948974609375</coord>
<when>2026-09-12T10:51:27.572+05:30</when>
<coord>77.597009 12.976982 827.0567626953125</coord>
<when>2026-09-12T10:51:35.582+05:30</when>
<coord>77.597106 12.976997 825.947021484375</coord>
<when>2026-09-12T10:51:43.585+05:30</when>
<coord>77.597207 12.977011 826.173583984375</coord>
<when>2026-09-12T10:51:51.584+05:30</when>
<coord>77.597308 12.97703 824.9176025390625</coord>
<when>2026-09-12T10:51:59.566+05:30</when>
<coord>77.597406 12.977042 826.06494140625</coord>
<when>2026-09-12T10:52:07.576+05:30</when>
<coord>77.597502 12.977052 827.0225830078125</coord>
<when>2026-09-12T10:52:15.582+05:30</when>
<coord>77.597602 12.977045 825.24755859375</coord>
<when>2026-09-12T10:52:23.586+05:30</when>
<coord>77.597705 12.977036 827.64404296875</coord>
<when>2026-09-12T10:52:32.586+05:30</when>
<coord>77.597797 12.977021 828.3768310546875</coord>
<when>2026-09-12T10:52:40.588+05:30</when>
<coord>77.597896 12.977001 828.5775146484375</coord>
<when>2026-09-12T10:52:50.585+05:30</when>
<coord>77.597991 12.976984 827.42626953125</coord>
<when>2026-09-12T10:52:59.578+05:30</when>
<coord>77.598091 12.976967 828.828857421875</coord>
<when>2026-09-12T10:53:08.581+05:30</when>
<coord>77.598194 12.976948 830.15771484375</coord>
<when>2026-09-12T10:53:18.586+05:30</when>
<coord>77.598208 12.976952 829.138427734375</coord>
<when>2026-09-12T10:53:18.606+05:30</when>
<coord>77.598208 12.976952 829.138427734375</coord>
<when>2026-09-12T10:53:35.589+05:30</when>
<coord>77.598271 12.977022 823.601318359375</coord>
<when>2026-09-12T10:53:43.571+05:30</when>
<coord>77.598286 12.976922 824.84033203125</coord>
<when>2026-09-12T10:53:52.579+05:30</when>
<coord>77.598247 12.976956 824.770751953125</coord>
<when>2026-09-12T10:53:53.579+05:30</when>
<coord>77.598247 12.976956 824.770751953125</coord>
<when>2026-09-12T10:55:02.582+05:30</when>
<coord>77.598153 12.976937 820.898193359375</coord>
<when>2026-09-12T10:55:10.58+05:30</when>
<coord>77.598042 12.976958 820.8494873046875</coord>
<when>2026-09-12T10:55:15.577+05:30</when>
<coord>77.597943 12.97699 821.6373291015625</coord>
<when>2026-09-12T10:55:19.585+05:30</when>
<coord>77.597852 12.977012 821.422119140625</coord>
<when>2026-09-12T10:55:24.577+05:30</when>
<coord>77.59774 12.977034 821.75341796875</coord>
<when>2026-09-12T10:55:28.583+05:30</when>
<coord>77.597644 12.977056 820.81591796875</coord>
<when>2026-09-12T10:55:32.588+05:30</when>
<coord>77.597546 12.977061 822.220703125</coord>
<when>2026-09-12T10:55:36.583+05:30</when>
<coord>77.597439 12.977054 822.247314453125</coord>
<when>2026-09-12T10:55:40.582+05:30</when>
<coord>77.597335 12.977041 821.9140625</coord>
<when>2026-09-12T10:55:44.579+05:30</when>
<coord>77.597239 12.97703 823.513916015625</coord>
<when>2026-09-12T10:55:48.577+05:30</when>
<coord>77.597143 12.977015 823.332763671875</coord>
<when>2026-09-12T10:55:52.583+05:30</when>
<coord>77.597039 12.976991 823.0548095703125</coord>
<when>2026-09-12T10:55:56.591+05:30</when>
<coord>77.596942 12.976973 822.669921875</coord>
<when>2026-09-12T10:56:00.578+05:30</when>
<coord>77.59685 12.976947 824.012451171875</coord>
<when>2026-09-12T10:56:04.581+05:30</when>
<coord>77.596758 12.976921 824.9921875</coord>
<when>2026-09-12T10:56:08.578+05:30</when>
<coord>77.596668 12.97689 824.828125</coord>
<when>2026-09-12T10:56:12.581+05:30</when>
<coord>77.59656 12.976883 826.1895751953125</coord>
<when>2026-09-12T10:56:16.584+05:30</when>
<coord>77.596459 12.976878 827.4293212890625</coord>
<when>2026-09-12T10:56:20.59+05:30</when>
<coord>77.596362 12.976868 824.890380859375</coord>
<when>2026-09-12T10:56:24.579+05:30</when>
<coord>77.596266 12.976866 823.6995849609375</coord>
<when>2026-09-12T10:56:28.58+05:30</when>
<coord>77.596168 12.976876 825.184814453125</coord>
<when>2026-09-12T10:56:32.576+05:30</when>
<coord>77.596077 12.97689 825.38916015625</coord>
<when>2026-09-12T10:56:36.582+05:30</when>
<coord>77.595982 12.976885 824.8358154296875</coord>
<when>2026-09-12T10:56:40.578+05:30</when>
<coord>77.595887 12.976878 824.4913330078125</coord>
<when>2026-09-12T10:56:45.579+05:30</when>
<coord>77.595789 12.976878 823.825927734375</coord>
<when>2026-09-12T10:56:50.585+05:30</when>
<coord>77.595682 12.976884 823.807861328125</coord>
<when>2026-09-12T10:56:54.583+05:30</when>
<coord>77.595587 12.976861 823.02587890625</coord>
<when>2026-09-12T10:56:59.573+05:30</when>
<coord>77.595475 12.976836 826.2161865234375</coord>
<when>2026-09-12T10:57:04.592+05:30</when>
<coord>77.595366 12.976815 827.821044921875</coord>
<when>2026-09-12T10:57:08.586+05:30</when>
<coord>77.595274 12.976793 828.351318359375</coord>
<when>2026-09-12T10:57:12.574+05:30</when>
<coord>77.595194 12.976738 826.57470703125</coord>
<when>2026-09-12T10:57:16.576+05:30</when>
<coord>77.595113 12.976673 826.0953369140625</coord>
<when>2026-09-12T10:57:20.581+05:30</when>
<coord>77.595043 12.976608 828.32275390625</coord>
<when>2026-09-12T10:57:24.585+05:30</when>
<coord>77.594972 12.976541 828.053466796875</coord>
<when>2026-09-12T10:57:28.588+05:30</when>
<coord>77.594905 12.976471 828.08740234375</coord>
<when>2026-09-12T10:57:33.579+05:30</when>
<coord>77.594825 12.976394 828.94873046875</coord>
<when>2026-09-12T10:57:38.583+05:30</when>
<coord>77.59475 12.976319 827.382080078125</coord>
<when>2026-09-12T10:57:42.581+05:30</when>
<coord>77.594687 12.976251 828.364990234375</coord>
<when>2026-09-12T10:57:46.588+05:30</when>
<coord>77.594652 12.97616 827.4239501953125</coord>
<when>2026-09-12T10:57:50.579+05:30</when>
<coord>77.594605 12.97608 826.03271484375</coord>
<when>2026-09-12T10:57:55.577+05:30</when>
<coord>77.594523 12.976001 827.029541015625</coord>
<when>2026-09-12T10:57:59.579+05:30</when>
<coord>77.594439 12.97595 825.0521240234375</coord>
<when>2026-09-12T10:58:03.585+05:30</when>
<coord>77.594373 12.975879 825.2447509765625</coord>
<when>2026-09-12T10:58:07.583+05:30</when>
<coord>77.59432 12.975805 826.292724609375</coord>
<when>2026-09-12T10:58:12.579+05:30</when>
<coord>77.594251 12.975719 828.8642578125</coord>
<when>2026-09-12T10:58:16.577+05:30</when>
<coord>77.594194 12.975645 829.433349609375</coord>
<when>2026-09-12T10:58:20.572+05:30</when>
<coord>77.594122 12.97558 829.86669921875</coord>
<when>2026-09-12T10:58:24.578+05:30</when>
<coord>77.594035 12.97552 828.706298828125</coord>
<when>2026-09-12T10:58:29.582+05:30</when>
<coord>77.593945 12.975466 831.3497314453125</coord>
<when>2026-09-12T10:58:34.582+05:30</when>
<coord>77.59385 12.975408 835.059326171875</coord>
<when>2026-09-12T10:58:39.587+05:30</when>
<coord>77.593768 12.975336 836.007568359375</coord>
<when>2026-09-12T10:58:44.566+05:30</when>
<coord>77.593685 12.975268 833.1307373046875</coord>
<when>2026-09-12T10:58:49.58+05:30</when>
<coord>77.593604 12.975213 828.393798828125</coord>
<when>2026-09-12T10:58:54.583+05:30</when>
<coord>77.593505 12.975183 827.0369873046875</coord>
<when>2026-09-12T10:58:59.583+05:30</when>
<coord>77.593399 12.975162 828.3070068359375</coord>
<when>2026-09-12T10:59:04.589+05:30</when>
<coord>77.593295 12.975133 828.041748046875</coord>
<when>2026-09-12T10:59:09.58+05:30</when>
<coord>77.593191 12.975091 827.628662109375</coord>
<when>2026-09-12T10:59:14.577+05:30</when>
<coord>77.593084 12.975071 825.9404296875</coord>
<when>2026-09-12T10:59:20.579+05:30</when>
<coord>77.592976 12.97507 822.169189453125</coord>
<when>2026-09-12T10:59:25.577+05:30</when>
<coord>77.592864 12.975105 817.651611328125</coord>
<when>2026-09-12T10:59:30.577+05:30</when>
<coord>77.592764 12.975141 817.1800537109375</coord>
<when>2026-09-12T10:59:35.579+05:30</when>
<coord>77.592665 12.975186 817.6080322265625</coord>
<when>2026-09-12T10:59:40.58+05:30</when>
<coord>77.59257 12.975228 820.7158203125</coord>
<when>2026-09-12T10:59:45.578+05:30</when>
<coord>77.592479 12.975267 823.604736328125</coord>
<when>2026-09-12T10:59:50.594+05:30</when>
<coord>77.592389 12.975311 824.76513671875</coord>
<when>2026-09-12T10:59:55.582+05:30</when>
<coord>77.592305 12.975354 826.07763671875</coord>
<when>2026-09-12T11:00:00.602+05:30</when>
<coord>77.59222 12.975391 825.664306640625</coord>
<when>2026-09-12T11:00:05.585+05:30</when>
<coord>77.592134 12.975434 826.3878173828125</coord>
<when>2026-09-12T11:00:11.575+05:30</when>
<coord>77.59205 12.975491 826.13525390625</coord>
<when>2026-09-12T11:00:16.585+05:30</when>
<coord>77.591969 12.975548 825.573974609375</coord>
<when>2026-09-12T11:00:21.585+05:30</when>
<coord>77.591882 12.975616 825.898681640625</coord>
<when>2026-09-12T11:00:26.578+05:30</when>
<coord>77.591809 12.97568 826.4610595703125</coord>
<when>2026-09-12T11:00:31.591+05:30</when>
<coord>77.591728 12.975732 826.8443603515625</coord>
<when>2026-09-12T11:00:36.577+05:30</when>
<coord>77.591662 12.975801 828.6851806640625</coord>
<when>2026-09-12T11:00:41.588+05:30</when>
<coord>77.591587 12.975875 829.13916015625</coord>
<when>2026-09-12T11:00:46.584+05:30</when>
<coord>77.591523 12.975955 830.3870849609375</coord>
<when>2026-09-12T11:00:51.587+05:30</when>
<coord>77.59145 12.976024 830.0703125</coord>
<when>2026-09-12T11:00:56.591+05:30</when>
<coord>77.591406 12.976109 828.74755859375</coord>
<when>2026-09-12T11:01:01.594+05:30</when>
<coord>77.591344 12.976192 831.1748046875</coord>
<when>2026-09-12T11:01:06.579+05:30</when>
<coord>77.591306 12.976289 829.410888671875</coord>
<when>2026-09-12T11:01:11.575+05:30</when>
<coord>77.591275 12.976382 831.13818359375</coord>
<when>2026-09-12T11:01:17.579+05:30</when>
<coord>77.591222 12.976475 828.416748046875</coord>
<when>2026-09-12T11:01:27.583+05:30</when>
<coord>77.591189 12.976569 826.782470703125</coord>
<when>2026-09-12T11:01:37.59+05:30</when>
<coord>77.591182 12.976627 826.534423828125</coord>
<when>2026-09-12T11:01:37.623+05:30</when>
<coord>77.591182 12.976627 826.534423828125</coord>
<when>2026-09-12T11:02:53.59+05:30</when>
<coord>77.591163 12.976538 831.77001953125</coord>
<when>2026-09-12T11:03:02.584+05:30</when>
<coord>77.591259 12.976523 831.286376953125</coord>
<when>2026-09-12T11:03:10.591+05:30</when>
<coord>77.591353 12.97652 828.4619140625</coord>
<when>2026-09-12T11:03:19.586+05:30</when>
<coord>77.59145 12.976495 828.563232421875</coord>
<when>2026-09-12T11:03:28.584+05:30</when>
<coord>77.591544 12.976481 828.63720703125</coord>
<when>2026-09-12T11:03:37.586+05:30</when>
<coord>77.591638 12.976485 828.90966796875</coord>
<when>2026-09-12T11:03:46.59+05:30</when>
<coord>77.591738 12.976476 831.314453125</coord>
<when>2026-09-12T11:03:54.58+05:30</when>
<coord>77.591831 12.976477 832.103759765625</coord>
<when>2026-09-12T11:04:02.59+05:30</when>
<coord>77.591933 12.976471 830.3951416015625</coord>
<when>2026-09-12T11:04:10.586+05:30</when>
<coord>77.592031 12.976468 830.42333984375</coord>
<when>2026-09-12T11:04:18.582+05:30</when>
<coord>77.592124 12.976463 830.980712890625</coord>
<when>2026-09-12T11:04:26.592+05:30</when>
<coord>77.592224 12.976458 831.20849609375</coord>
<when>2026-09-12T11:04:34.583+05:30</when>
<coord>77.592316 12.976446 830.609130859375</coord>
<when>2026-09-12T11:04:43.591+05:30</when>
<coord>77.592414 12.976426 829.2298583984375</coord>
<when>2026-09-12T11:04:52.588+05:30</when>
<coord>77.592511 12.976405 826.685302734375</coord>
<when>2026-09-12T11:05:01.585+05:30</when>
<coord>77.592604 12.976379 825.532958984375</coord>
<when>2026-09-12T11:05:09.581+05:30</when>
<coord>77.592701 12.976367 824.86767578125</coord>
<when>2026-09-12T11:05:17.586+05:30</when>
<coord>77.592791 12.97634 825.368896484375</coord>
<when>2026-09-12T11:05:26.583+05:30</when>
<coord>77.592896 12.976321 825.02001953125</coord>
<when>2026-09-12T11:05:32.583+05:30</when>
<coord>77.59299 12.976303 825.5047607421875</coord>
<when>2026-09-12T11:05:41.589+05:30</when>
<coord>77.593085 12.97628 828.9163818359375</coord>
<when>2026-09-12T11:05:49.594+05:30</when>
<coord>77.593179 12.976274 829.62060546875</coord>
<when>2026-09-12T11:05:58.58+05:30</when>
<coord>77.593275 12.97624 824.1064453125</coord>
<when>2026-09-12T11:06:06.588+05:30</when>
<coord>77.593373 12.976214 824.5716552734375</coord>
<when>2026-09-12T11:06:15.576+05:30</when>
<coord>77.593461 12.976181 824.5904541015625</coord>
<when>2026-09-12T11:06:25.573+05:30</when>
<coord>77.593551 12.976132 827.2470703125</coord>
<when>2026-09-12T11:06:34.566+05:30</when>
<coord>77.593644 12.976099 827.2733154296875</coord>
<when>2026-09-12T11:06:42.585+05:30</when>
<coord>77.593737 12.976079 828.7685546875</coord>
<when>2026-09-12T11:06:50.583+05:30</when>
<coord>77.593833 12.976077 823.09765625</coord>
<when>2026-09-12T11:06:58.586+05:30</when>
<coord>77.593927 12.976074 826.040283203125</coord>
<when>2026-09-12T11:07:06.576+05:30</when>
<coord>77.594013 12.976109 827.39453125</coord>
<when>2026-09-12T11:07:14.583+05:30</when>
<coord>77.59411 12.976135 832.4920654296875</coord>
<when>2026-09-12T11:07:24.576+05:30</when>
<coord>77.59419 12.976135 825.1661376953125</coord>
<when>2026-09-12T11:07:24.61+05:30</when>
<coord>77.59419 12.976135 825.1661376953125</coord>
<when>2026-09-12T11:07:35.579+05:30</when>
<coord>77.594262 12.976066 819.93896484375</coord>
<when>2026-09-12T11:07:44.581+05:30</when>
<coord>77.594336 12.976004 820.997314453125</coord>
<when>2026-09-12T11:07:53.582+05:30</when>
<coord>77.594422 12.975958 822.80615234375</coord>
<when>2026-09-12T11:08:02.586+05:30</when>
<coord>77.594496 12.97603 825.5908203125</coord>
<when>2026-09-12T11:08:10.582+05:30</when>
<coord>77.59456 12.976105 825.81640625</coord>
<when>2026-09-12T11:08:19.593+05:30</when>
<coord>77.594642 12.976165 825.150634765625</coord>
<when>2026-09-12T11:08:29.595+05:30</when>
<coord>77.594718 12.976232 824.6727294921875</coord>
<when>2026-09-12T11:08:37.589+05:30</when>
<coord>77.594788 12.976299 823.45263671875</coord>
<when>2026-09-12T11:08:46.583+05:30</when>
<coord>77.594852 12.976374 824.454833984375</coord>
<when>2026-09-12T11:08:55.583+05:30</when>
<coord>77.594928 12.97644 827.024169921875</coord>
<when>2026-09-12T11:09:03.578+05:30</when>
<coord>77.595007 12.976491 828.321044921875</coord>
<when>2026-09-12T11:09:12.586+05:30</when>
<coord>77.595085 12.976561 828.8443603515625</coord>
<when>2026-09-12T11:09:20.586+05:30</when>
<coord>77.59516 12.976626 829.4063720703125</coord>
<when>2026-09-12T11:09:29.577+05:30</when>
<coord>77.595239 12.976682 827.211181640625</coord>
<when>2026-09-12T11:09:38.579+05:30</when>
<coord>77.595333 12.976724 828.0595703125</coord>
<when>2026-09-12T11:09:46.58+05:30</when>
<coord>77.59542 12.976761 824.3822021484375</coord>
<when>2026-09-12T11:09:54.585+05:30</when>
<coord>77.595504 12.976802 823.9449462890625</coord>
<when>2026-09-12T11:10:02.586+05:30</when>
<coord>77.595592 12.976836 826.62890625</coord>
<when>2026-09-12T11:10:10.577+05:30</when>
<coord>77.595689 12.976853 826.80322265625</coord>
<when>2026-09-12T11:10:18.575+05:30</when>
<coord>77.595782 12.976867 826.5791015625</coord>
<when>2026-09-12T11:10:27.588+05:30</when>
<coord>77.595876 12.976873 822.6475830078125</coord>
<when>2026-09-12T11:10:36.582+05:30</when>
<coord>77.595978 12.976866 823.452880859375</coord>
<when>2026-09-12T11:10:44.58+05:30</when>
<coord>77.596071 12.976854 823.0789794921875</coord>
<when>2026-09-12T11:10:52.591+05:30</when>
<coord>77.596164 12.976846 822.360595703125</coord>
<when>2026-09-12T11:11:01.592+05:30</when>
<coord>77.596265 12.976832 826.1492919921875</coord>
<when>2026-09-12T11:11:09.578+05:30</when>
<coord>77.596359 12.976821 826.142333984375</coord>
<when>2026-09-12T11:11:18.572+05:30</when>
<coord>77.596457 12.976816 827.2608642578125</coord>
<when>2026-09-12T11:11:27.577+05:30</when>
<coord>77.596552 12.976827 825.796875</coord>
<when>2026-09-12T11:11:35.58+05:30</when>
<coord>77.596648 12.976835 826.864990234375</coord>
<when>2026-09-12T11:11:42.579+05:30</when>
<coord>77.596739 12.976858 827.0955810546875</coord>
<when>2026-09-12T11:11:50.601+05:30</when>
<coord>77.596839 12.976887 827.260498046875</coord>
<when>2026-09-12T11:11:58.592+05:30</when>
<coord>77.596936 12.976907 829.07421875</coord>
<when>2026-09-12T11:12:05.582+05:30</when>
<coord>77.59703 12.976912 829.6015625</coord>
<when>2026-09-12T11:12:13.582+05:30</when>
<coord>77.597124 12.976929 829.203857421875</coord>
<when>2026-09-12T11:12:22.583+05:30</when>
<coord>77.597221 12.976949 828.755615234375</coord>
<when>2026-09-12T11:12:31.579+05:30</when>
<coord>77.59731 12.976975 828.0418701171875</coord>
<when>2026-09-12T11:12:40.581+05:30</when>
<coord>77.597406 12.976993 828.490478515625</coord>
<when>2026-09-12T11:12:48.579+05:30</when>
<coord>77.597434 12.977084 827.1163330078125</coord>
<when>2026-09-12T11:12:56.582+05:30</when>
<coord>77.597445 12.977181 825.910888671875</coord>
<when>2026-09-12T11:13:04.591+05:30</when>
<coord>77.597482 12.977271 827.041015625</coord>
<when>2026-09-12T11:13:13.579+05:30</when>
<coord>77.597516 12.977359 831.481689453125</coord>
<when>2026-09-12T11:13:21.575+05:30</when>
<coord>77.597504 12.977451 830.39697265625</coord>
<when>2026-09-12T11:13:29.579+05:30</when>
<coord>77.597408 12.977481 828.401123046875</coord>
<when>2026-09-12T11:13:38.583+05:30</when>
<coord>77.597323 12.977519 823.8526611328125</coord>
<when>2026-09-12T11:13:47.582+05:30</when>
<coord>77.597258 12.977594 827.667236328125</coord>
<when>2026-09-12T11:13:56.586+05:30</when>
<coord>77.597203 12.977672 828.271484375</coord>
<when>2026-09-12T11:14:06.582+05:30</when>
<coord>77.597142 12.977743 827.01806640625</coord>
<when>2026-09-12T11:14:16.601+05:30</when>
<coord>77.597094 12.97783 824.8238525390625</coord>
<when>2026-09-12T11:14:25.583+05:30</when>
<coord>77.597042 12.977905 825.8994140625</coord>
<when>2026-09-12T11:14:35.58+05:30</when>
<coord>77.596993 12.977988 828.954345703125</coord>
<when>2026-09-12T11:14:45.574+05:30</when>
<coord>77.59695 12.978074 829.1806640625</coord>
<when>2026-09-12T11:14:54.573+05:30</when>
<coord>77.59687 12.978134 827.837890625</coord>
<when>2026-09-12T11:15:03.583+05:30</when>
<coord>77.596801 12.978195 827.642822265625</coord>
<when>2026-09-12T11:15:12.593+05:30</when>
<coord>77.596726 12.978267 829.238525390625</coord>
<when>2026-09-12T11:15:20.581+05:30</when>
<coord>77.596665 12.978348 829.18017578125</coord>
<when>2026-09-12T11:15:29.577+05:30</when>
<coord>77.596579 12.978393 827.7547607421875</coord>
<when>2026-09-12T11:15:38.597+05:30</when>
<coord>77.596481 12.978413 826.035888671875</coord>
<when>2026-09-12T11:15:47.585+05:30</when>
<coord>77.59638 12.978415 824.506591796875</coord>
<when>2026-09-12T11:15:56.59+05:30</when>
<coord>77.596287 12.978386 825.737060546875</coord>
<when>2026-09-12T11:16:05.579+05:30</when>
<coord>77.596194 12.978357 823.9085693359375</coord>
<when>2026-09-12T11:16:13.589+05:30</when>
<coord>77.596102 12.978337 822.945068359375</coord>
<when>2026-09-12T11:16:21.613+05:30</when>
<coord>77.596009 12.978335 824.797119140625</coord>
<when>2026-09-12T11:16:30.585+05:30</when>
<coord>77.595909 12.978356 829.263427734375</coord>
<when>2026-09-12T11:16:40.587+05:30</when>
<coord>77.595812 12.978378 830.9671630859375</coord>
<when>2026-09-12T11:16:50.584+05:30</when>
<coord>77.59573 12.978398 830.5850830078125</coord>
<when>2026-09-12T11:16:50.606+05:30</when>
<coord>77.59573 12.978398 830.5850830078125</coord>
<when>2026-09-12T11:17:00.578+05:30</when>
<coord>77.595627 12.978403 824.587890625</coord>
<when>2026-09-12T11:17:08.587+05:30</when>
<coord>77.595534 12.97843 820.31494140625</coord>
<when>2026-09-12T11:17:17.579+05:30</when>
<coord>77.595446 12.978473 818.3515625</coord>
<when>2026-09-12T11:17:27.579+05:30</when>
<coord>77.595361 12.978501 823.697998046875</coord>
<when>2026-09-12T11:17:27.613+05:30</when>
<coord>77.595361 12.978501 823.697998046875</coord>
<when>2026-09-12T11:17:37.576+05:30</when>
<coord>77.595268 12.978528 829.9769287109375</coord>
<when>2026-09-12T11:17:46.59+05:30</when>
<coord>77.595194 12.978465 834.004638671875</coord>
<when>2026-09-12T11:17:55.575+05:30</when>
<coord>77.595122 12.9784 830.5484619140625</coord>
<when>2026-09-12T11:18:04.582+05:30</when>
<coord>77.595043 12.978336 833.646728515625</coord>
<when>2026-09-12T11:18:13.581+05:30</when>
<coord>77.594975 12.978269 836.42919921875</coord>
<when>2026-09-12T11:18:22.587+05:30</when>
<coord>77.594909 12.978196 834.383544921875</coord>
<when>2026-09-12T11:18:30.583+05:30</when>
<coord>77.594834 12.978139 832.62158203125</coord>
<when>2026-09-12T11:18:39.578+05:30</when>
<coord>77.594744 12.978105 834.0921630859375</coord>
<when>2026-09-12T11:18:49.573+05:30</when>
<coord>77.594669 12.978043 834.1875</coord>
<when>2026-09-12T11:18:58.585+05:30</when>
<coord>77.594584 12.977984 833.0592041015625</coord>
<when>2026-09-12T11:19:07.582+05:30</when>
<coord>77.594509 12.977918 832.263427734375</coord>
<when>2026-09-12T11:19:16.581+05:30</when>
<coord>77.594439 12.977857 832.60595703125</coord>
<when>2026-09-12T11:19:26.576+05:30</when>
<coord>77.594372 12.9778 831.270751953125</coord>
<when>2026-09-12T11:19:26.607+05:30</when>
<coord>77.594372 12.9778 831.270751953125</coord>
<when>2026-09-12T11:19:35.576+05:30</when>
<coord>77.594293 12.977738 834.8902587890625</coord>
<when>2026-09-12T11:19:43.58+05:30</when>
<coord>77.594221 12.977668 833.326904296875</coord>
<when>2026-09-12T11:19:52.584+05:30</when>
<coord>77.59414 12.977613 835.656005859375</coord>
<when>2026-09-12T11:20:02.585+05:30</when>
<coord>77.594066 12.977546 835.992919921875</coord>
<when>2026-09-12T11:20:10.591+05:30</when>
<coord>77.593997 12.977482 832.9114990234375</coord>
<when>2026-09-12T11:20:19.579+05:30</when>
<coord>77.593953 12.977399 831.2705078125</coord>
<when>2026-09-12T11:20:27.583+05:30</when>
<coord>77.593957 12.977302 829.56640625</coord>
<when>2026-09-12T11:20:36.583+05:30</when>
<coord>77.593907 12.977221 835.0439453125</coord>
<when>2026-09-12T11:20:45.577+05:30</when>
<coord>77.593828 12.977174 833.3701171875</coord>
<when>2026-09-12T11:20:55.577+05:30</when>
<coord>77.593742 12.977119 832.747802734375</coord>
<when>2026-09-12T11:21:03.584+05:30</when>
<coord>77.593668 12.977063 832.481201171875</coord>
<when>2026-09-12T11:21:12.584+05:30</when>
<coord>77.593606 12.976996 831.994384765625</coord>
<when>2026-09-12T11:21:22.583+05:30</when>
<coord>77.593549 12.976921 831.6539306640625</coord>
<when>2026-09-12T11:21:31.583+05:30</when>
<coord>77.593493 12.976835 832.88427734375</coord>
<when>2026-09-12T11:21:40.581+05:30</when>
<coord>77.593453 12.976748 832.881591796875</coord>
<when>2026-09-12T11:21:48.578+05:30</when>
<coord>77.593405 12.976668 829.0545654296875</coord>
<when>2026-09-12T11:21:57.583+05:30</when>
<coord>77.59336 12.976588 827.376220703125</coord>
<when>2026-09-12T11:22:05.576+05:30</when>
<coord>77.593338 12.976495 829.8603515625</coord>
<when>2026-09-12T11:22:12.581+05:30</when>
<coord>77.59334 12.976403 827.2220458984375</coord>
<when>2026-09-12T11:22:20.579+05:30</when>
<coord>77.593386 12.976316 826.534423828125</coord>
<when>2026-09-12T11:22:28.588+05:30</when>
<coord>77.593452 12.97625 827.7159423828125</coord>
<when>2026-09-12T11:22:35.575+05:30</when>
<coord>77.593524 12.976191 826.0947265625</coord>
<when>2026-09-12T11:22:43.58+05:30</when>
<coord>77.593606 12.976143 828.6494140625</coord>
<when>2026-09-12T11:22:51.586+05:30</when>
<coord>77.593697 12.976113 829.4906005859375</coord>
<when>2026-09-12T11:22:59.581+05:30</when>
<coord>77.593796 12.976096 829.355712890625</coord>
<when>2026-09-12T11:23:07.582+05:30</when>
<coord>77.593891 12.976098 827.398681640625</coord>
<when>2026-09-12T11:23:15.598+05:30</when>
<coord>77.593983 12.976136 831.6524658203125</coord>
<when>2026-09-12T11:23:23.583+05:30</when>
<coord>77.594077 12.976147 834.5738525390625</coord>
<when>2026-09-12T11:23:33.59+05:30</when>
<coord>77.594173 12.976148 830.731201171875</coord>
<when>2026-09-12T11:23:43.581+05:30</when>
<coord>77.594241 12.976086 827.621337890625</coord>
<when>2026-09-12T11:23:52.576+05:30</when>
<coord>77.594306 12.976014 829.904541015625</coord>
<when>2026-09-12T11:24:01.583+05:30</when>
<coord>77.594383 12.975948 827.9095458984375</coord>
<when>2026-09-12T11:24:11.579+05:30</when>
<coord>77.594468 12.975997 831.50244140625</coord>
<when>2026-09-12T11:24:19.593+05:30</when>
<coord>77.594513 12.976078 831.30078125</coord>
<when>2026-09-12T11:24:27.583+05:30</when>
<coord>77.594584 12.976146 826.6951904296875</coord>
<when>2026-09-12T11:24:37.58+05:30</when>
<coord>77.594662 12.97621 825.431396484375</coord>
<when>2026-09-12T11:24:45.584+05:30</when>
<coord>77.594734 12.976272 827.321533203125</coord>
<when>2026-09-12T11:24:53.591+05:30</when>
<coord>77.594805 12.976332 828.354736328125</coord>
<when>2026-09-12T11:25:02.583+05:30</when>
<coord>77.594872 12.976404 827.706787109375</coord>
<when>2026-09-12T11:25:10.58+05:30</when>
<coord>77.59494 12.976468 827.8143310546875</coord>
<when>2026-09-12T11:25:19.574+05:30</when>
<coord>77.595018 12.976531 828.60205078125</coord>
<when>2026-09-12T11:25:28.584+05:30</when>
<coord>77.595104 12.976579 830.035888671875</coord>
<when>2026-09-12T11:25:37.584+05:30</when>
<coord>77.595189 12.976635 829.2056884765625</coord>
<when>2026-09-12T11:25:46.583+05:30</when>
<coord>77.595267 12.976697 832.302734375</coord>
<when>2026-09-12T11:25:54.578+05:30</when>
<coord>77.595344 12.976751 833.744140625</coord>
<when>2026-09-12T11:26:02.58+05:30</when>
<coord>77.595428 12.976793 830.9405517578125</coord>
<when>2026-09-12T11:26:11.588+05:30</when>
<coord>77.595517 12.976835 829.624267578125</coord>
<when>2026-09-12T11:26:19.58+05:30</when>
<coord>77.595611 12.976865 828.8046875</coord>
<when>2026-09-12T11:26:27.576+05:30</when>
<coord>77.595705 12.976887 827.808349609375</coord>
<when>2026-09-12T11:26:36.571+05:30</when>
<coord>77.595805 12.9769 829.4136962890625</coord>
<when>2026-09-12T11:26:45.578+05:30</when>
<coord>77.595902 12.976904 829.18505859375</coord>
<when>2026-09-12T11:26:53.587+05:30</when>
<coord>77.595997 12.97688 829.92529296875</coord>
<when>2026-09-12T11:27:02.58+05:30</when>
<coord>77.596097 12.976876 829.281005859375</coord>
<when>2026-09-12T11:27:10.586+05:30</when>
<coord>77.596191 12.976859 828.467041015625</coord>
<when>2026-09-12T11:27:19.575+05:30</when>
<coord>77.596287 12.976851 828.995849609375</coord>
<when>2026-09-12T11:27:27.577+05:30</when>
<coord>77.596381 12.976858 826.9586181640625</coord>
<when>2026-09-12T11:27:34.575+05:30</when>
<coord>77.596473 12.976865 825.70166015625</coord>
<when>2026-09-12T11:27:42.58+05:30</when>
<coord>77.59657 12.976858 826.546630859375</coord>
<when>2026-09-12T11:27:51.574+05:30</when>
<coord>77.596673 12.976864 824.511474609375</coord>
<when>2026-09-12T11:27:59.582+05:30</when>
<coord>77.596776 12.976877 827.142333984375</coord>
<when>2026-09-12T11:28:07.567+05:30</when>
<coord>77.596867 12.9769 827.640380859375</coord>
<when>2026-09-12T11:28:15.582+05:30</when>
<coord>77.596954 12.976931 831.76904296875</coord>
<when>2026-09-12T11:28:22.583+05:30</when>
<coord>77.597047 12.976946 832.264892578125</coord>
<when>2026-09-12T11:28:29.581+05:30</when>
<coord>77.597139 12.976963 832.8277587890625</coord>
<when>2026-09-12T11:28:37.595+05:30</when>
<coord>77.597235 12.976984 829.73974609375</coord>
<when>2026-09-12T11:28:46.579+05:30</when>
<coord>77.597328 12.976996 831.702392578125</coord>
<when>2026-09-12T11:28:55.585+05:30</when>
<coord>77.597425 12.977017 831.2010498046875</coord>
<when>2026-09-12T11:29:04.582+05:30</when>
<coord>77.597448 12.977109 830.245361328125</coord>
<when>2026-09-12T11:29:12.591+05:30</when>
<coord>77.597455 12.9772 829.482421875</coord>
<when>2026-09-12T11:29:20.586+05:30</when>
<coord>77.597487 12.977286 830.1761474609375</coord>
<when>2026-09-12T11:29:29.583+05:30</when>
<coord>77.597477 12.977382 829.75927734375</coord>
<when>2026-09-12T11:29:38.585+05:30</when>
<coord>77.597426 12.977467 829.7991943359375</coord>
<when>2026-09-12T11:29:46.582+05:30</when>
<coord>77.59733 12.977495 823.033447265625</coord>
<when>2026-09-12T11:29:55.578+05:30</when>
<coord>77.597255 12.97755 826.521484375</coord>
<when>2026-09-12T11:30:04.583+05:30</when>
<coord>77.597198 12.977624 825.691650390625</coord>
<when>2026-09-12T11:30:14.574+05:30</when>
<coord>77.597149 12.977706 827.81884765625</coord>
<when>2026-09-12T11:30:23.574+05:30</when>
<coord>77.597105 12.977791 826.239501953125</coord>
<when>2026-09-12T11:30:32.586+05:30</when>
<coord>77.597066 12.977878 827.3240966796875</coord>
<when>2026-09-12T11:30:42.568+05:30</when>
<coord>77.597123 12.977945 826.213134765625</coord>
<when>2026-09-12T11:30:42.61+05:30</when>
<coord>77.597123 12.977945 826.213134765625</coord>
<when>2026-09-12T11:30:52.567+05:30</when>
<coord>77.597194 12.978004 826.38525390625</coord>
<when>2026-09-12T11:31:02.582+05:30</when>
<coord>77.59725 12.978058 828.4766845703125</coord>
<when>2026-09-12T11:31:02.591+05:30</when>
<coord>77.59725 12.978058 828.4766845703125</coord>
<when>2026-09-12T11:31:13.587+05:30</when>
<coord>77.597323 12.978119 829.3035888671875</coord>
<when>2026-09-12T11:31:23.594+05:30</when>
<coord>77.597404 12.978177 830.0467529296875</coord>
<when>2026-09-12T11:31:33.592+05:30</when>
<coord>77.59745 12.97823 833.07470703125</coord>
<when>2026-09-12T11:31:33.613+05:30</when>
<coord>77.59745 12.97823 833.07470703125</coord>
<when>2026-09-12T11:31:55.615+05:30</when>
<coord>77.597367 12.978278 837.97265625</coord>
<when>2026-09-12T11:32:05.576+05:30</when>
<coord>77.597365 12.978276 837.526611328125</coord>
<when>2026-09-12T11:32:05.66+05:30</when>
<coord>77.597365 12.978276 837.526611328125</coord>
<when>2026-09-12T11:32:44.584+05:30</when>
<coord>77.597445 12.97833 836.6163330078125</coord>
<when>2026-09-12T11:32:54.577+05:30</when>
<coord>77.597472 12.978408 835.6995849609375</coord>
<when>2026-09-12T11:32:54.598+05:30</when>
<coord>77.597472 12.978408 835.6995849609375</coord>
<when>2026-09-12T11:33:04.575+05:30</when>
<coord>77.597531 12.978483 835.5806884765625</coord>
<when>2026-09-12T11:33:14.582+05:30</when>
<coord>77.597512 12.97849 834.897216796875</coord>
<when>2026-09-12T11:33:14.622+05:30</when>
<coord>77.597512 12.97849 834.897216796875</coord>
<when>2026-09-12T11:33:31.574+05:30</when>
<coord>77.5975 12.978581 830.2021484375</coord>
<when>2026-09-12T11:33:41.579+05:30</when>
<coord>77.597468 12.97867 830.91162109375</coord>
<when>2026-09-12T11:33:51.595+05:30</when>
<coord>77.597417 12.978746 831.2047119140625</coord>
<when>2026-09-12T11:33:59.575+05:30</when>
<coord>77.597378 12.978831 832.26904296875</coord>
<when>2026-09-12T11:34:08.588+05:30</when>
<coord>77.597306 12.9789 830.58056640625</coord>
<when>2026-09-12T11:34:18.584+05:30</when>
<coord>77.597257 12.978975 830.233642578125</coord>
<when>2026-09-12T11:34:18.618+05:30</when>
<coord>77.597257 12.978975 830.233642578125</coord>
<when>2026-09-12T11:34:30.578+05:30</when>
<coord>77.597273 12.979067 830.317138671875</coord>
<when>2026-09-12T11:34:40.58+05:30</when>
<coord>77.597251 12.979167 833.32421875</coord>
<when>2026-09-12T11:34:49.575+05:30</when>
<coord>77.597221 12.979262 835.5897216796875</coord>
<when>2026-09-12T11:34:59.584+05:30</when>
<coord>77.59718 12.979351 837.812255859375</coord>
<when>2026-09-12T11:35:09.579+05:30</when>
<coord>77.597112 12.97941 836.779296875</coord>
<when>2026-09-12T11:35:09.62+05:30</when>
<coord>77.597112 12.97941 836.779296875</coord>
<when>2026-09-12T11:35:19.586+05:30</when>
<coord>77.597032 12.979467 835.687744140625</coord>
<when>2026-09-12T11:35:29.579+05:30</when>
<coord>77.596944 12.979495 834.8004150390625</coord>
<when>2026-09-12T11:35:39.581+05:30</when>
<coord>77.596917 12.97957 834.018310546875</coord>
<when>2026-09-12T11:35:39.609+05:30</when>
<coord>77.596917 12.97957 834.018310546875</coord>
<when>2026-09-12T11:35:50.578+05:30</when>
<coord>77.596903 12.979661 837.210205078125</coord>
<when>2026-09-12T11:36:00.579+05:30</when>
<coord>77.596909 12.979729 838.49853515625</coord>
<when>2026-09-12T11:36:00.597+05:30</when>
<coord>77.596909 12.979729 838.49853515625</coord>
<when>2026-09-12T11:44:39.579+05:30</when>
<coord>77.596835 12.979787 841.312255859375</coord>
<when>2026-09-12T11:44:49.578+05:30</when>
<coord>77.596847 12.979802 835.1453857421875</coord>
<when>2026-09-12T11:44:49.619+05:30</when>
<coord>77.596847 12.979802 835.1453857421875</coord>
<when>2026-09-12T11:44:58.579+05:30</when>
<coord>77.596941 12.979837 836.6531982421875</coord>
<when>2026-09-12T11:45:08.579+05:30</when>
<coord>77.596955 12.979855 836.95654296875</coord>
<when>2026-09-12T11:45:08.595+05:30</when>
<coord>77.596955 12.979855 836.95654296875</coord>
<when>2026-09-12T11:45:21.575+05:30</when>
<coord>77.596899 12.979929 838.597900390625</coord>
<when>2026-09-12T11:45:31.576+05:30</when>
<coord>77.596853 12.979978 837.14208984375</coord>
<when>2026-09-12T11:45:31.603+05:30</when>
<coord>77.596853 12.979978 837.14208984375</coord>
<when>2026-09-12T11:45:45.577+05:30</when>
<coord>77.596762 12.980007 834.88525390625</coord>
<when>2026-09-12T11:45:55.582+05:30</when>
<coord>77.596684 12.980038 834.013427734375</coord>
<when>2026-09-12T11:45:55.616+05:30</when>
<coord>77.596684 12.980038 834.013427734375</coord>
<when>2026-09-12T11:46:13.581+05:30</when>
<coord>77.596727 12.98012 838.0628662109375</coord>
<when>2026-09-12T11:46:23.572+05:30</when>
<coord>77.596747 12.980149 835.8011474609375</coord>
<when>2026-09-12T11:46:23.614+05:30</when>
<coord>77.596747 12.980149 835.8011474609375</coord>
<when>2026-09-12T11:46:34.57+05:30</when>
<coord>77.596809 12.980219 836.337890625</coord>
<when>2026-09-12T11:46:44.575+05:30</when>
<coord>77.596835 12.980312 836.0550537109375</coord>
<when>2026-09-12T11:46:54.574+05:30</when>
<coord>77.596866 12.980399 837.9697265625</coord>
<when>2026-09-12T11:47:04.579+05:30</when>
<coord>77.596903 12.980466 838.2142333984375</coord>
<when>2026-09-12T11:47:04.608+05:30</when>
<coord>77.596903 12.980466 838.2142333984375</coord>
<when>2026-09-12T11:47:15.583+05:30</when>
<coord>77.596923 12.980557 838.9970703125</coord>
<when>2026-09-12T11:47:25.569+05:30</when>
<coord>77.596934 12.980651 839.80029296875</coord>
<when>2026-09-12T11:47:35.583+05:30</when>
<coord>77.596932 12.980727 838.4500732421875</coord>
<when>2026-09-12T11:47:35.597+05:30</when>
<coord>77.596932 12.980727 838.4500732421875</coord>
<when>2026-09-12T11:47:48.581+05:30</when>
<coord>77.596953 12.980822 839.427001953125</coord>
<when>2026-09-12T11:47:58.603+05:30</when>
<coord>77.596952 12.980905 836.4896240234375</coord>
<when>2026-09-12T11:47:58.618+05:30</when>
<coord>77.596952 12.980905 836.4896240234375</coord>
<when>2026-09-12T11:48:19.583+05:30</when>
<coord>77.596877 12.98096 829.006103515625</coord>
<when>2026-09-12T11:48:29.574+05:30</when>
<coord>77.596812 12.980999 828.41748046875</coord>
<when>2026-09-12T11:48:29.612+05:30</when>
<coord>77.596812 12.980999 828.41748046875</coord>
<when>2026-09-12T11:48:40.576+05:30</when>
<coord>77.596737 12.981064 828.076171875</coord>
<when>2026-09-12T11:48:49.576+05:30</when>
<coord>77.596666 12.981133 827.5555419921875</coord>
<when>2026-09-12T11:48:58.577+05:30</when>
<coord>77.596627 12.981219 827.5281982421875</coord>
<when>2026-09-12T11:49:08.575+05:30</when>
<coord>77.59669 12.981269 827.50048828125</coord>
<when>2026-09-12T11:49:08.615+05:30</when>
<coord>77.59669 12.981269 827.50048828125</coord>
<when>2026-09-12T11:49:37.577+05:30</when>
<coord>77.596723 12.981275 827.5205078125</coord>
<when>2026-09-12T11:50:05.2+05:30</when>
<coord/>
<ExtendedData>
<SchemaData schemaUrl="#schema">
<SimpleArrayData name="trackpoint_type">
<value>SEGMENT_START_MANUAL</value>
<value>TRACKPOINT</value>
<value>TRACKPOINT</value>
<value>TRACKPOINT</value>
<value>TRACKPOINT</value>
<value>TRACKPOINT</value>
<value>TRACKPOINT</value>
<value>TRACKPOINT</value>
<value>TRACKPOINT</value>
<value>TRACKPOINT</value>
<value>TRACKPOINT</value>
<value>TRACKPOINT</value>
<value>TRACKPOINT</value>
<value>TRACKPOINT</value>
<value>IDLE</value>
<value>TRACKPOINT</value>
<value>TRACKPOINT</value>
<value>TRACKPOINT</value>
<value>TRACKPOINT</value>
<value>TRACKPOINT</value>
<value>TRACKPOINT</value>
<value>TRACKPOINT</value>
<value>TRACKPOINT</value>
<value>TRACKPOINT</value>
<value>TRACKPOINT</value>
<value>TRACKPOINT</value>
<value>TRACKPOINT</value>
<value>TRACKPOINT</value>
<value>TRACKPOINT</value>
<value>TRACKPOINT</value>
<value>TRACKPOINT</value>
<value>TRACKPOINT</value>
<value>TRACKPOINT</value>
<value>TRACKPOINT</value>
<value>TRACKPOINT</value>
<value>TRACKPOINT</value>
<value>TRACKPOINT</value>
<value>TRACKPOINT</value>
<value>TRACKPOINT</value>
<value>TRACKPOINT</value>
<value>TRACKPOINT</value>
<value>TRACKPOINT</value>
<value>TRACKPOINT</value>
<value>TRACKPOINT</value>
<value>TRACKPOINT</value>
<value>TRACKPOINT</value>
<value>TRACKPOINT</value>
<value>TRACKPOINT</value>
<value>TRACKPOINT</value>
<value>TRACKPOINT</value>
<value>TRACKPOINT</value>
<value>TRACKPOINT</value>
<value>TRACKPOINT</value>
<value>TRACKPOINT</value>
<value>TRACKPOINT</value>
<value>TRACKPOINT</value>
<value>TRACKPOINT</value>
<value>TRACKPOINT</value>
<value>TRACKPOINT</value>
<value>TRACKPOINT</value>
<value>TRACKPOINT</value>
<value>TRACKPOINT</value>
<value>TRACKPOINT</value>
<value>TRACKPOINT</value>
<value>TRACKPOINT</value>
<value>TRACKPOINT</value>
<value>TRACKPOINT</value>
<value>TRACKPOINT</value>
<value>TRACKPOINT</value>
<value>TRACKPOINT</value>
<value>TRACKPOINT</value>
<value>TRACKPOINT</value>
<value>TRACKPOINT</value>
<value>TRACKPOINT</value>
<value>TRACKPOINT</value>
<value>TRACKPOINT</value>
<value>TRACKPOINT</value>
<value>TRACKPOINT</value>
<value>TRACKPOINT</value>
<value>TRACKPOINT</value>
<value>TRACKPOINT</value>
<value>TRACKPOINT</value>
<value>TRACKPOINT</value>
<value>TRACKPOINT</value>
<value>TRACKPOINT</value>
<value>TRACKPOINT</value>
<value>TRACKPOINT</value>
<value>TRACKPOINT</value>
<value>TRACKPOINT</value>
<value>TRACKPOINT</value>
<value>TRACKPOINT</value>
<value>TRACKPOINT</value>
<value>TRACKPOINT</value>
<value>TRACKPOINT</value>
<value>TRACKPOINT</value>
<value>TRACKPOINT</value>
<value>TRACKPOINT</value>
<value>TRACKPOINT</value>
<value>TRACKPOINT</value>
<value>TRACKPOINT</value>
<value>TRACKPOINT</value>
<value>TRACKPOINT</value>
<value>TRACKPOINT</value>
<value>TRACKPOINT</value>
<value>TRACKPOINT</value>
<value>TRACKPOINT</value>
<value>TRACKPOINT</value>
<value>TRACKPOINT</value>
<value>IDLE</value>
<value>TRACKPOINT</value>
<value>TRACKPOINT</value>
<value>TRACKPOINT</value>
<value>TRACKPOINT</value>
<value>TRACKPOINT</value>
<value>TRACKPOINT</value>
<value>TRACKPOINT</value>
<value>TRACKPOINT</value>
<value>TRACKPOINT</value>
<value>TRACKPOINT</value>
<value>TRACKPOINT</value>
<value>TRACKPOINT</value>
<value>TRACKPOINT</value>
<value>TRACKPOINT</value>
<value>TRACKPOINT</value>
<value>TRACKPOINT</value>
<value>TRACKPOINT</value>
<value>TRACKPOINT</value>
<value>TRACKPOINT</value>
<value>TRACKPOINT</value>
<value>TRACKPOINT</value>
<value>TRACKPOINT</value>
<value>TRACKPOINT</value>
<value>TRACKPOINT</value>
<value>TRACKPOINT</value>
<value>TRACKPOINT</value>
<value>TRACKPOINT</value>
<value>TRACKPOINT</value>
<value>TRACKPOINT</value>
<value>TRACKPOINT</value>
<value>TRACKPOINT</value>
<value>TRACKPOINT</value>
<value>TRACKPOINT</value>
<value>TRACKPOINT</value>
<value>TRACKPOINT</value>
<value>TRACKPOINT</value>
<value>TRACKPOINT</value>
<value>IDLE</value>
<value>TRACKPOINT</value>
<value>TRACKPOINT</value>
<value>TRACKPOINT</value>
<value>TRACKPOINT</value>
<value>TRACKPOINT</value>
<value>IDLE</value>
<value>TRACKPOINT</value>
<value>TRACKPOINT</value>
<value>TRACKPOINT</value>
<value>TRACKPOINT</value>
<value>IDLE</value>
<value>TRACKPOINT</value>
<value>TRACKPOINT</value>
<value>TRACKPOINT</value>
<value>IDLE</value>
<value>TRACKPOINT</value>
<value>TRACKPOINT</value>
<value>TRACKPOINT</value>
<value>TRACKPOINT</value>
<value>IDLE</value>
<value>TRACKPOINT</value>
<value>TRACKPOINT</value>
<value>TRACKPOINT</value>
<value>TRACKPOINT</value>
<value>TRACKPOINT</value>
<value>TRACKPOINT</value>
<value>TRACKPOINT</value>
<value>TRACKPOINT</value>
<value>TRACKPOINT</value>
<value>TRACKPOINT</value>
<value>TRACKPOINT</value>
<value>TRACKPOINT</value>
<value>TRACKPOINT</value>
<value>TRACKPOINT</value>
<value>TRACKPOINT</value>
<value>TRACKPOINT</value>
<value>TRACKPOINT</value>
<value>TRACKPOINT</value>
<value>TRACKPOINT</value>
<value>TRACKPOINT</value>
<value>TRACKPOINT</value>
<value>TRACKPOINT</value>
<value>TRACKPOINT</value>
<value>TRACKPOINT</value>
<value>TRACKPOINT</value>
<value>TRACKPOINT</value>
<value>TRACKPOINT</value>
<value>TRACKPOINT</value>
<value>TRACKPOINT</value>
<value>TRACKPOINT</value>
<value>TRACKPOINT</value>
<value>TRACKPOINT</value>
<value>TRACKPOINT</value>
<value>TRACKPOINT</value>
<value>TRACKPOINT</value>
<value>TRACKPOINT</value>
<value>TRACKPOINT</value>
<value>TRACKPOINT</value>
<value>TRACKPOINT</value>
<value>TRACKPOINT</value>
<value>TRACKPOINT</value>
<value>TRACKPOINT</value>
<value>TRACKPOINT</value>
<value>TRACKPOINT</value>
<value>TRACKPOINT</value>
<value>TRACKPOINT</value>
<value>TRACKPOINT</value>
<value>TRACKPOINT</value>
<value>TRACKPOINT</value>
<value>TRACKPOINT</value>
<value>TRACKPOINT</value>
<value>TRACKPOINT</value>
<value>TRACKPOINT</value>
<value>TRACKPOINT</value>
<value>TRACKPOINT</value>
<value>TRACKPOINT</value>
<value>TRACKPOINT</value>
<value>TRACKPOINT</value>
<value>TRACKPOINT</value>
<value>TRACKPOINT</value>
<value>TRACKPOINT</value>
<value>TRACKPOINT</value>
<value>TRACKPOINT</value>
<value>TRACKPOINT</value>
<value>TRACKPOINT</value>
<value>TRACKPOINT</value>
<value>TRACKPOINT</value>
<value>TRACKPOINT</value>
<value>TRACKPOINT</value>
<value>TRACKPOINT</value>
<value>TRACKPOINT</value>
<value>TRACKPOINT</value>
<value>TRACKPOINT</value>
<value>TRACKPOINT</value>
<value>TRACKPOINT</value>
<value>TRACKPOINT</value>
<value>TRACKPOINT</value>
<value>TRACKPOINT</value>
<value>TRACKPOINT</value>
<value>TRACKPOINT</value>
<value>TRACKPOINT</value>
<value>TRACKPOINT</value>
<value>TRACKPOINT</value>
<value>TRACKPOINT</value>
<value>TRACKPOINT</value>
<value>TRACKPOINT</value>
<value>TRACKPOINT</value>
<value>TRACKPOINT</value>
<value>TRACKPOINT</value>
<value>TRACKPOINT</value>
<value>TRACKPOINT</value>
<value>TRACKPOINT</value>
<value>TRACKPOINT</value>
<value>TRACKPOINT</value>
<value>TRACKPOINT</value>
<value>TRACKPOINT</value>
<value>TRACKPOINT</value>
<value>TRACKPOINT</value>
<value>TRACKPOINT</value>
<value>TRACKPOINT</value>
<value>TRACKPOINT</value>
<value>TRACKPOINT</value>
<value>TRACKPOINT</value>
<value>IDLE</value>
<value>TRACKPOINT</value>
<value>TRACKPOINT</value>
<value>TRACKPOINT</value>
<value>TRACKPOINT</value>
<value>TRACKPOINT</value>
<value>TRACKPOINT</value>
<value>TRACKPOINT</value>
<value>TRACKPOINT</value>
<value>TRACKPOINT</value>
<value>TRACKPOINT</value>
<value>TRACKPOINT</value>
<value>TRACKPOINT</value>
<value>TRACKPOINT</value>
<value>TRACKPOINT</value>
<value>TRACKPOINT</value>
<value>TRACKPOINT</value>
<value>TRACKPOINT</value>
<value>TRACKPOINT</value>
<value>TRACKPOINT</value>
<value>TRACKPOINT</value>
<value>IDLE</value>
<value>TRACKPOINT</value>
<value>TRACKPOINT</value>
<value>TRACKPOINT</value>
<value>TRACKPOINT</value>
<value>IDLE</value>
<value>TRACKPOINT</value>
<value>TRACKPOINT</value>
<value>TRACKPOINT</value>
<value>TRACKPOINT</value>
<value>TRACKPOINT</value>
<value>TRACKPOINT</value>
<value>TRACKPOINT</value>
<value>TRACKPOINT</value>
<value>TRACKPOINT</value>
<value>TRACKPOINT</value>
<value>TRACKPOINT</value>
<value>TRACKPOINT</value>
<value>IDLE</value>
<value>TRACKPOINT</value>
<value>TRACKPOINT</value>
<value>TRACKPOINT</value>
<value>TRACKPOINT</value>
<value>IDLE</value>
<value>TRACKPOINT</value>
<value>TRACKPOINT</value>
<value>TRACKPOINT</value>
<value>TRACKPOINT</value>
<value>TRACKPOINT</value>
<value>TRACKPOINT</value>
<value>TRACKPOINT</value>
<value>TRACKPOINT</value>
<value>TRACKPOINT</value>
<value>TRACKPOINT</value>
<value>TRACKPOINT</value>
<value>TRACKPOINT</value>
<value>TRACKPOINT</value>
<value>TRACKPOINT</value>
<value>TRACKPOINT</value>
<value>TRACKPOINT</value>
<value>TRACKPOINT</value>
<value>TRACKPOINT</value>
<value>TRACKPOINT</value>
<value>TRACKPOINT</value>
<value>TRACKPOINT</value>
<value>TRACKPOINT</value>
<value>TRACKPOINT</value>
<value>TRACKPOINT</value>
<value>TRACKPOINT</value>
<value>TRACKPOINT</value>
<value>TRACKPOINT</value>
<value>TRACKPOINT</value>
<value>TRACKPOINT</value>
<value>TRACKPOINT</value>
<value>TRACKPOINT</value>
<value>TRACKPOINT</value>
<value>TRACKPOINT</value>
<value>TRACKPOINT</value>
<value>TRACKPOINT</value>
<value>TRACKPOINT</value>
<value>TRACKPOINT</value>
<value>TRACKPOINT</value>
<value>TRACKPOINT</value>
<value>TRACKPOINT</value>
<value>TRACKPOINT</value>
<value>TRACKPOINT</value>
<value>TRACKPOINT</value>
<value>TRACKPOINT</value>
<value>TRACKPOINT</value>
<value>TRACKPOINT</value>
<value>TRACKPOINT</value>
<value>TRACKPOINT</value>
<value>TRACKPOINT</value>
<value>TRACKPOINT</value>
<value>TRACKPOINT</value>
<value>TRACKPOINT</value>
<value>TRACKPOINT</value>
<value>TRACKPOINT</value>
<value>TRACKPOINT</value>
<value>TRACKPOINT</value>
<value>TRACKPOINT</value>
<value>TRACKPOINT</value>
<value>TRACKPOINT</value>
<value>TRACKPOINT</value>
<value>TRACKPOINT</value>
<value>TRACKPOINT</value>
<value>TRACKPOINT</value>
<value>TRACKPOINT</value>
<value>TRACKPOINT</value>
<value>TRACKPOINT</value>
<value>TRACKPOINT</value>
<value>TRACKPOINT</value>
<value>TRACKPOINT</value>
<value>TRACKPOINT</value>
<value>TRACKPOINT</value>
<value>TRACKPOINT</value>
<value>TRACKPOINT</value>
<value>TRACKPOINT</value>
<value>TRACKPOINT</value>
<value>TRACKPOINT</value>
<value>TRACKPOINT</value>
<value>TRACKPOINT</value>
<value>TRACKPOINT</value>
<value>TRACKPOINT</value>
<value>TRACKPOINT</value>
<value>TRACKPOINT</value>
<value>TRACKPOINT</value>
<value>TRACKPOINT</value>
<value>IDLE</value>
<value>TRACKPOINT</value>
<value>TRACKPOINT</value>
<value>TRACKPOINT</value>
<value>IDLE</value>
<value>TRACKPOINT</value>
<value>TRACKPOINT</value>
<value>TRACKPOINT</value>
<value>TRACKPOINT</value>
<value>TRACKPOINT</value>
<value>TRACKPOINT</value>
<value>TRACKPOINT</value>
<value>TRACKPOINT</value>
<value>TRACKPOINT</value>
<value>TRACKPOINT</value>
<value>TRACKPOINT</value>
<value>TRACKPOINT</value>
<value>TRACKPOINT</value>
<value>TRACKPOINT</value>
<value>TRACKPOINT</value>
<value>TRACKPOINT</value>
<value>TRACKPOINT</value>
<value>TRACKPOINT</value>
<value>TRACKPOINT</value>
<value>TRACKPOINT</value>
<value>TRACKPOINT</value>
<value>TRACKPOINT</value>
<value>TRACKPOINT</value>
<value>TRACKPOINT</value>
<value>TRACKPOINT</value>
<value>TRACKPOINT</value>
<value>TRACKPOINT</value>
<value>TRACKPOINT</value>
<value>TRACKPOINT</value>
<value>TRACKPOINT</value>
<value>TRACKPOINT</value>
<value>TRACKPOINT</value>
<value>TRACKPOINT</value>
<value>TRACKPOINT</value>
<value>TRACKPOINT</value>
<value>TRACKPOINT</value>
<value>TRACKPOINT</value>
<value>TRACKPOINT</value>
<value>TRACKPOINT</value>
<value>TRACKPOINT</value>
<value>TRACKPOINT</value>
<value>TRACKPOINT</value>
<value>TRACKPOINT</value>
<value>TRACKPOINT</value>
<value>TRACKPOINT</value>
<value>TRACKPOINT</value>
<value>TRACKPOINT</value>
<value>TRACKPOINT</value>
<value>TRACKPOINT</value>
<value>TRACKPOINT</value>
<value>TRACKPOINT</value>
<value>TRACKPOINT</value>
<value>TRACKPOINT</value>
<value>TRACKPOINT</value>
<value>TRACKPOINT</value>
<value>TRACKPOINT</value>
<value>TRACKPOINT</value>
<value>TRACKPOINT</value>
<value>TRACKPOINT</value>
<value>TRACKPOINT</value>
<value>TRACKPOINT</value>
<value>TRACKPOINT</value>
<value>TRACKPOINT</value>
<value>TRACKPOINT</value>
<value>TRACKPOINT</value>
<value>TRACKPOINT</value>
<value>TRACKPOINT</value>
<value>TRACKPOINT</value>
<value>TRACKPOINT</value>
<value>TRACKPOINT</value>
<value>TRACKPOINT</value>
<value>TRACKPOINT</value>
<value>TRACKPOINT</value>
<value>TRACKPOINT</value>
<value>TRACKPOINT</value>
<value>TRACKPOINT</value>
<value>TRACKPOINT</value>
<value>TRACKPOINT</value>
<value>TRACKPOINT</value>
<value>TRACKPOINT</value>
<value>TRACKPOINT</value>
<value>TRACKPOINT</value>
<value>TRACKPOINT</value>
<value>TRACKPOINT</value>
<value>IDLE</value>
<value>TRACKPOINT</value>
<value>TRACKPOINT</value>
<value>TRACKPOINT</value>
<value>TRACKPOINT</value>
<value>TRACKPOINT</value>
<value>TRACKPOINT</value>
<value>TRACKPOINT</value>
<value>TRACKPOINT</value>
<value>TRACKPOINT</value>
<value>TRACKPOINT</value>
<value>TRACKPOINT</value>
<value>TRACKPOINT</value>
<value>TRACKPOINT</value>
<value>TRACKPOINT</value>
<value>TRACKPOINT</value>
<value>TRACKPOINT</value>
<value>TRACKPOINT</value>
<value>TRACKPOINT</value>
<value>TRACKPOINT</value>
<value>TRACKPOINT</value>
<value>TRACKPOINT</value>
<value>TRACKPOINT</value>
<value>TRACKPOINT</value>
<value>TRACKPOINT</value>
<value>TRACKPOINT</value>
<value>TRACKPOINT</value>
<value>TRACKPOINT</value>
<value>TRACKPOINT</value>
<value>TRACKPOINT</value>
<value>TRACKPOINT</value>
<value>TRACKPOINT</value>
<value>TRACKPOINT</value>
<value>TRACKPOINT</value>
<value>IDLE</value>
<value>TRACKPOINT</value>
<value>TRACKPOINT</value>
<value>TRACKPOINT</value>
<value>TRACKPOINT</value>
<value>TRACKPOINT</value>
<value>TRACKPOINT</value>
<value>TRACKPOINT</value>
<value>TRACKPOINT</value>
<value>TRACKPOINT</value>
<value>TRACKPOINT</value>
<value>TRACKPOINT</value>
<value>TRACKPOINT</value>
<value>TRACKPOINT</value>
<value>TRACKPOINT</value>
<value>TRACKPOINT</value>
<value>TRACKPOINT</value>
<value>TRACKPOINT</value>
<value>TRACKPOINT</value>
<value>TRACKPOINT</value>
<value>TRACKPOINT</value>
<value>TRACKPOINT</value>
<value>TRACKPOINT</value>
<value>TRACKPOINT</value>
<value>TRACKPOINT</value>
<value>TRACKPOINT</value>
<value>TRACKPOINT</value>
<value>TRACKPOINT</value>
<value>TRACKPOINT</value>
<value>TRACKPOINT</value>
<value>TRACKPOINT</value>
<value>TRACKPOINT</value>
<value>TRACKPOINT</value>
<value>TRACKPOINT</value>
<value>TRACKPOINT</value>
<value>TRACKPOINT</value>
<value>TRACKPOINT</value>
<value>TRACKPOINT</value>
<value>TRACKPOINT</value>
<value>TRACKPOINT</value>
<value>TRACKPOINT</value>
<value>TRACKPOINT</value>
<value>TRACKPOINT</value>
<value>TRACKPOINT</value>
<value>TRACKPOINT</value>
<value>TRACKPOINT</value>
<value>TRACKPOINT</value>
<value>TRACKPOINT</value>
<value>TRACKPOINT</value>
<value>TRACKPOINT</value>
<value>TRACKPOINT</value>
<value>TRACKPOINT</value>
<value>TRACKPOINT</value>
<value>TRACKPOINT</value>
<value>TRACKPOINT</value>
<value>TRACKPOINT</value>
<value>TRACKPOINT</value>
<value>TRACKPOINT</value>
<value>TRACKPOINT</value>
<value>TRACKPOINT</value>
<value>TRACKPOINT</value>
<value>TRACKPOINT</value>
<value>TRACKPOINT</value>
<value>TRACKPOINT</value>
<value>TRACKPOINT</value>
<value>TRACKPOINT</value>
<value>IDLE</value>
<value>TRACKPOINT</value>
<value>TRACKPOINT</value>
<value>TRACKPOINT</value>
<value>TRACKPOINT</value>
<value>IDLE</value>
<value>TRACKPOINT</value>
<value>TRACKPOINT</value>
<value>TRACKPOINT</value>
<value>TRACKPOINT</value>
<value>TRACKPOINT</value>
<value>TRACKPOINT</value>
<value>TRACKPOINT</value>
<value>TRACKPOINT</value>
<value>TRACKPOINT</value>
<value>TRACKPOINT</value>
<value>TRACKPOINT</value>
<value>TRACKPOINT</value>
<value>TRACKPOINT</value>
<value>IDLE</value>
<value>TRACKPOINT</value>
<value>TRACKPOINT</value>
<value>TRACKPOINT</value>
<value>TRACKPOINT</value>
<value>TRACKPOINT</value>
<value>TRACKPOINT</value>
<value>TRACKPOINT</value>
<value>TRACKPOINT</value>
<value>TRACKPOINT</value>
<value>TRACKPOINT</value>
<value>TRACKPOINT</value>
<value>TRACKPOINT</value>
<value>TRACKPOINT</value>
<value>TRACKPOINT</value>
<value>TRACKPOINT</value>
<value>TRACKPOINT</value>
<value>TRACKPOINT</value>
<value>TRACKPOINT</value>
<value>TRACKPOINT</value>
<value>TRACKPOINT</value>
<value>TRACKPOINT</value>
<value>TRACKPOINT</value>
<value>TRACKPOINT</value>
<value>TRACKPOINT</value>
<value>TRACKPOINT</value>
<value>TRACKPOINT</value>
<value>TRACKPOINT</value>
<value>TRACKPOINT</value>
<value>TRACKPOINT</value>
<value>TRACKPOINT</value>
<value>TRACKPOINT</value>
<value>TRACKPOINT</value>
<value>TRACKPOINT</value>
<value>TRACKPOINT</value>
<value>TRACKPOINT</value>
<value>TRACKPOINT</value>
<value>TRACKPOINT</value>
<value>TRACKPOINT</value>
<value>TRACKPOINT</value>
<value>TRACKPOINT</value>
<value>TRACKPOINT</value>
<value>TRACKPOINT</value>
<value>TRACKPOINT</value>
<value>TRACKPOINT</value>
<value>TRACKPOINT</value>
<value>TRACKPOINT</value>
<value>TRACKPOINT</value>
<value>TRACKPOINT</value>
<value>TRACKPOINT</value>
<value>TRACKPOINT</value>
<value>TRACKPOINT</value>
<value>TRACKPOINT</value>
<value>TRACKPOINT</value>
<value>TRACKPOINT</value>
<value>TRACKPOINT</value>
<value>TRACKPOINT</value>
<value>TRACKPOINT</value>
<value>TRACKPOINT</value>
<value>TRACKPOINT</value>
<value>TRACKPOINT</value>
<value>TRACKPOINT</value>
<value>TRACKPOINT</value>
<value>TRACKPOINT</value>
<value>TRACKPOINT</value>
<value>TRACKPOINT</value>
<value>TRACKPOINT</value>
<value>TRACKPOINT</value>
<value>TRACKPOINT</value>
<value>TRACKPOINT</value>
<value>TRACKPOINT</value>
<value>TRACKPOINT</value>
<value>TRACKPOINT</value>
<value>TRACKPOINT</value>
<value>TRACKPOINT</value>
<value>TRACKPOINT</value>
<value>TRACKPOINT</value>
<value>TRACKPOINT</value>
<value>TRACKPOINT</value>
<value>TRACKPOINT</value>
<value>IDLE</value>
<value>TRACKPOINT</value>
<value>TRACKPOINT</value>
<value>IDLE</value>
<value>TRACKPOINT</value>
<value>TRACKPOINT</value>
<value>TRACKPOINT</value>
<value>IDLE</value>
<value>TRACKPOINT</value>
<value>TRACKPOINT</value>
<value>IDLE</value>
<value>TRACKPOINT</value>
<value>TRACKPOINT</value>
<value>IDLE</value>
<value>TRACKPOINT</value>
<value>TRACKPOINT</value>
<value>IDLE</value>
<value>TRACKPOINT</value>
<value>TRACKPOINT</value>
<value>TRACKPOINT</value>
<value>TRACKPOINT</value>
<value>TRACKPOINT</value>
<value>TRACKPOINT</value>
<value>IDLE</value>
<value>TRACKPOINT</value>
<value>TRACKPOINT</value>
<value>TRACKPOINT</value>
<value>TRACKPOINT</value>
<value>TRACKPOINT</value>
<value>IDLE</value>
<value>TRACKPOINT</value>
<value>TRACKPOINT</value>
<value>TRACKPOINT</value>
<value>IDLE</value>
<value>TRACKPOINT</value>
<value>TRACKPOINT</value>
<value>IDLE</value>
<value>TRACKPOINT</value>
<value>TRACKPOINT</value>
<value>IDLE</value>
<value>TRACKPOINT</value>
<value>TRACKPOINT</value>
<value>IDLE</value>
<value>TRACKPOINT</value>
<value>TRACKPOINT</value>
<value>IDLE</value>
<value>TRACKPOINT</value>
<value>TRACKPOINT</value>
<value>IDLE</value>
<value>TRACKPOINT</value>
<value>TRACKPOINT</value>
<value>IDLE</value>
<value>TRACKPOINT</value>
<value>TRACKPOINT</value>
<value>TRACKPOINT</value>
<value>TRACKPOINT</value>
<value>IDLE</value>
<value>TRACKPOINT</value>
<value>TRACKPOINT</value>
<value>TRACKPOINT</value>
<value>IDLE</value>
<value>TRACKPOINT</value>
<value>TRACKPOINT</value>
<value>IDLE</value>
<value>TRACKPOINT</value>
<value>TRACKPOINT</value>
<value>IDLE</value>
<value>TRACKPOINT</value>
<value>TRACKPOINT</value>
<value>TRACKPOINT</value>
<value>TRACKPOINT</value>
<value>IDLE</value>
<value>TRACKPOINT</value>
<value>SEGMENT_END_MANUAL</value>
</SimpleArrayData>
<SimpleArrayData name="speed">
<value />
<value>0.4</value>
<value>0.5</value>
<value>0.6</value>
<value>0.6</value>
<value>0.4</value>
<value>0.3</value>
<value>0.4</value>
<value>0.6</value>
<value>0.5</value>
<value>0.8</value>
<value>0.6</value>
<value>0.3</value>
<value>0</value>
<value>0</value>
<value>2.4</value>
<value>1.3</value>
<value>1.2</value>
<value>1</value>
<value>1.1</value>
<value>1.1</value>
<value>1.1</value>
<value>1.1</value>
<value>1.2</value>
<value>1.1</value>
<value>1.2</value>
<value>1.2</value>
<value>1.2</value>
<value>1.2</value>
<value>1.2</value>
<value>1.2</value>
<value>1.2</value>
<value>1.3</value>
<value>1.3</value>
<value>1.4</value>
<value>1.3</value>
<value>1.2</value>
<value>1.3</value>
<value>1.3</value>
<value>1.3</value>
<value>1.3</value>
<value>1.3</value>
<value>1.4</value>
<value>1.3</value>
<value>1.3</value>
<value>1.3</value>
<value>1.3</value>
<value>1.3</value>
<value>1.4</value>
<value>1.3</value>
<value>1.3</value>
<value>1.2</value>
<value>1.3</value>
<value>1.3</value>
<value>1.3</value>
<value>1.3</value>
<value>1.3</value>
<value>1.3</value>
<value>1.3</value>
<value>1.2</value>
<value>1.3</value>
<value>1.4</value>
<value>1.3</value>
<value>1.3</value>
<value>1.3</value>
<value>1.3</value>
<value>1.3</value>
<value>1.3</value>
<value>1.3</value>
<value>1.3</value>
<value>1.3</value>
<value>1.3</value>
<value>1.3</value>
<value>1.4</value>
<value>1.3</value>
<value>1.4</value>
<value>1.3</value>
<value>1.4</value>
<value>1.4</value>
<value>1.4</value>
<value>1.4</value>
<value>1.4</value>
<value>1.4</value>
<value>1.4</value>
<value>1.3</value>
<value>1.3</value>
<value>1.4</value>
<value>1.5</value>
<value>1.4</value>
<value>1.3</value>
<value>1.4</value>
<value>1.3</value>
<value>1.3</value>
<value>1.2</value>
<value>1.3</value>
<value>1.3</value>
<value>1.3</value>
<value>1.4</value>
<value>1.3</value>
<value>1.3</value>
<value>1.3</value>
<value>1.3</value>
<value>1.4</value>
<value>1.3</value>
<value>1.3</value>
<value>1.3</value>
<value>1.2</value>
<value>1.4</value>
<value>1.4</value>
<value>1.1</value>
<value>1.3</value>
<value>1.2</value>
<value>1.2</value>
<value>1.2</value>
<value>1.3</value>
<value>1.3</value>
<value>1.3</value>
<value>1.4</value>
<value>1.3</value>
<value>1.4</value>
<value>1.4</value>
<value>1.5</value>
<value>1.3</value>
<value>1.3</value>
<value>1.4</value>
<value>1.4</value>
<value>1.4</value>
<value>1.4</value>
<value>1.4</value>
<value>1.5</value>
<value>1.4</value>
<value>1.2</value>
<value>1</value>
<value>1.3</value>
<value>1.2</value>
<value>1.2</value>
<value>1.2</value>
<value>1.2</value>
<value>1.2</value>
<value>1.2</value>
<value>1.2</value>
<value>1.2</value>
<value>1.3</value>
<value>1.2</value>
<value>1.2</value>
<value>1</value>
<value>1</value>
<value>1.1</value>
<value>1.4</value>
<value>1.2</value>
<value>1</value>
<value>0.9</value>
<value>0.9</value>
<value>0.8</value>
<value>0.8</value>
<value>0.8</value>
<value>0</value>
<value>0</value>
<value>1</value>
<value>1</value>
<value>0.9</value>
<value>0.9</value>
<value>1</value>
<value>1</value>
<value>1.9</value>
<value>1</value>
<value>1</value>
<value>1.1</value>
<value>1.1</value>
<value>1.1</value>
<value>1.2</value>
<value>1.3</value>
<value>1.2</value>
<value>0.9</value>
<value>1.1</value>
<value>1.2</value>
<value>1.2</value>
<value>1.2</value>
<value>1.1</value>
<value>0.8</value>
<value>0.8</value>
<value>0.9</value>
<value>1.1</value>
<value>1</value>
<value>0.9</value>
<value>1.1</value>
<value>1.1</value>
<value>1.1</value>
<value>1.1</value>
<value>1.2</value>
<value>1.2</value>
<value>1.2</value>
<value>1.2</value>
<value>1.1</value>
<value>1.1</value>
<value>1.1</value>
<value>1.2</value>
<value>1.2</value>
<value>1.2</value>
<value>1.2</value>
<value>1.3</value>
<value>1.2</value>
<value>1.2</value>
<value>1.1</value>
<value>1.1</value>
<value>1.2</value>
<value>1.1</value>
<value>1.2</value>
<value>1.1</value>
<value>1.1</value>
<value>1.2</value>
<value>1.1</value>
<value>1</value>
<value>1.1</value>
<value>1</value>
<value>1.1</value>
<value>1.2</value>
<value>1.1</value>
<value>1.1</value>
<value>1.2</value>
<value>1.1</value>
<value>1.1</value>
<value>1.1</value>
<value>1.2</value>
<value>1.2</value>
<value>1.2</value>
<value>1.1</value>
<value>1.2</value>
<value>1.2</value>
<value>1.2</value>
<value>1.3</value>
<value>1.2</value>
<value>1.3</value>
<value>1.1</value>
<value>1.2</value>
<value>1.1</value>
<value>1.2</value>
<value>1.2</value>
<value>1.2</value>
<value>1.2</value>
<value>1.2</value>
<value>1.2</value>
<value>1.3</value>
<value>1.2</value>
<value>1.2</value>
<value>1.2</value>
<value>1.3</value>
<value>1.2</value>
<value>1.1</value>
<value>1.2</value>
<value>1.4</value>
<value>1.2</value>
<value>1.3</value>
<value>1.2</value>
<value>1.3</value>
<value>1.3</value>
<value>1.2</value>
<value>1.3</value>
<value>1.2</value>
<value>1.3</value>
<value>1.2</value>
<value>1.2</value>
<value>1.2</value>
<value>1.2</value>
<value>1.1</value>
<value>1.2</value>
<value>1.1</value>
<value>1.1</value>
<value>1.1</value>
<value>1</value>
<value>1</value>
<value>1.1</value>
<value>1.1</value>
<value>1.2</value>
<value>1.1</value>
<value>1.1</value>
<value>1.8</value>
<value>1.1</value>
<value>1.1</value>
<value>1.1</value>
<value>1.3</value>
<value>1.2</value>
<value>1.2</value>
<value>1.1</value>
<value>1.1</value>
<value>1.1</value>
<value>1.1</value>
<value>1.1</value>
<value>1.1</value>
<value>1.2</value>
<value>0.9</value>
<value>0.9</value>
<value>1.1</value>
<value>1.2</value>
<value>1.1</value>
<value>1.1</value>
<value>1.1</value>
<value>1</value>
<value>1</value>
<value>1</value>
<value>1</value>
<value>1</value>
<value>1</value>
<value>1.1</value>
<value>1.1</value>
<value>1.1</value>
<value>1</value>
<value>1</value>
<value>0.9</value>
<value>0.9</value>
<value>1</value>
<value>1</value>
<value>1.1</value>
<value>1.1</value>
<value>1.1</value>
<value>1.1</value>
<value>1.1</value>
<value>1.1</value>
<value>1</value>
<value>1.1</value>
<value>1.1</value>
<value>1.1</value>
<value>1.1</value>
<value>1.1</value>
<value>1.1</value>
<value>1.1</value>
<value>1.1</value>
<value>1.1</value>
<value>1.1</value>
<value>1.1</value>
<value>1.1</value>
<value>1.1</value>
<value>1.1</value>
<value>1.1</value>
<value>1.1</value>
<value>1.1</value>
<value>1.2</value>
<value>1.1</value>
<value>1.2</value>
<value>1.1</value>
<value>1.2</value>
<value>1.1</value>
<value>1.1</value>
<value>1.1</value>
<value>1.2</value>
<value>1.2</value>
<value>1.2</value>
<value>1.2</value>
<value>1.1</value>
<value>1.1</value>
<value>1.1</value>
<value>1.2</value>
<value>1.1</value>
<value>1.1</value>
<value>1.3</value>
<value>1.3</value>
<value>1.1</value>
<value>1.1</value>
<value>1.2</value>
<value>1.1</value>
<value>1.1</value>
<value>1.1</value>
<value>1.1</value>
<value>1.1</value>
<value>1.2</value>
<value>1.1</value>
<value>1.1</value>
<value>1.3</value>
<value>1.1</value>
<value>1.2</value>
<value>1.2</value>
<value>1.1</value>
<value>1.2</value>
<value>1.2</value>
<value>1.2</value>
<value>1.2</value>
<value>1.2</value>
<value>1.2</value>
<value>1.1</value>
<value>1.1</value>
<value>1.1</value>
<value>1.2</value>
<value>1.1</value>
<value>1.2</value>
<value>1.1</value>
<value>1.1</value>
<value>1.1</value>
<value>1.1</value>
<value>1.1</value>
<value>1.2</value>
<value>1.2</value>
<value>1.1</value>
<value>1.1</value>
<value>0.9</value>
<value>1</value>
<value>1</value>
<value>1</value>
<value>0.9</value>
<value>0</value>
<value>0</value>
<value>2.7</value>
<value>1.2</value>
<value>0.4</value>
<value>0.4</value>
<value>0.7</value>
<value>2</value>
<value>2.3</value>
<value>2.5</value>
<value>2.5</value>
<value>2.5</value>
<value>2.6</value>
<value>2.6</value>
<value>2.6</value>
<value>2.6</value>
<value>2.6</value>
<value>2.6</value>
<value>2.6</value>
<value>2.6</value>
<value>2.6</value>
<value>2.6</value>
<value>2.5</value>
<value>2.7</value>
<value>2.6</value>
<value>2.6</value>
<value>2.7</value>
<value>2.6</value>
<value>2.6</value>
<value>2.6</value>
<value>2.5</value>
<value>2.5</value>
<value>2.5</value>
<value>2.6</value>
<value>2.4</value>
<value>2.5</value>
<value>2.7</value>
<value>2.4</value>
<value>2.5</value>
<value>2.5</value>
<value>2.6</value>
<value>2.5</value>
<value>2.4</value>
<value>2.5</value>
<value>2.5</value>
<value>2.5</value>
<value>2.7</value>
<value>2.6</value>
<value>2.6</value>
<value>2.5</value>
<value>2.6</value>
<value>2.6</value>
<value>2.6</value>
<value>2.5</value>
<value>2.6</value>
<value>2.5</value>
<value>2.5</value>
<value>2.4</value>
<value>2.4</value>
<value>2.3</value>
<value>2.3</value>
<value>2.4</value>
<value>2.4</value>
<value>2.4</value>
<value>2.1</value>
<value>2.2</value>
<value>2.1</value>
<value>2.1</value>
<value>1.8</value>
<value>1.9</value>
<value>2</value>
<value>2</value>
<value>1.9</value>
<value>1.5</value>
<value>1.7</value>
<value>1.9</value>
<value>2</value>
<value>2.1</value>
<value>2</value>
<value>2</value>
<value>2.1</value>
<value>2.1</value>
<value>2.1</value>
<value>2.2</value>
<value>2.2</value>
<value>2.6</value>
<value>2</value>
<value>1.9</value>
<value>1.2</value>
<value>0</value>
<value>0</value>
<value>0.8</value>
<value>1.7</value>
<value>1</value>
<value>1.3</value>
<value>0.9</value>
<value>0.9</value>
<value>1</value>
<value>1</value>
<value>1</value>
<value>1.1</value>
<value>1.1</value>
<value>1.1</value>
<value>1.2</value>
<value>1.1</value>
<value>1.1</value>
<value>1.1</value>
<value>1.1</value>
<value>1.1</value>
<value>1.2</value>
<value>1.1</value>
<value>1.2</value>
<value>1.1</value>
<value>1.2</value>
<value>1.3</value>
<value>1.3</value>
<value>1.1</value>
<value>1.1</value>
<value>1.1</value>
<value>1.1</value>
<value>1</value>
<value>1</value>
<value>1</value>
<value>1.1</value>
<value>1.1</value>
<value>1.1</value>
<value>1.1</value>
<value>1.3</value>
<value>1.2</value>
<value>1.1</value>
<value>1.2</value>
<value>1.1</value>
<value>1.2</value>
<value>1.1</value>
<value>1.2</value>
<value>1.2</value>
<value>1.2</value>
<value>1.2</value>
<value>1.1</value>
<value>1.1</value>
<value>1.2</value>
<value>1.2</value>
<value>1.2</value>
<value>1.2</value>
<value>1.3</value>
<value>1.2</value>
<value>1.2</value>
<value>1.2</value>
<value>1.3</value>
<value>1.3</value>
<value>1.2</value>
<value>1.2</value>
<value>1.1</value>
<value>1.1</value>
<value>1.2</value>
<value>1.3</value>
<value>1.2</value>
<value>1.2</value>
<value>1.1</value>
<value>1.2</value>
<value>1.2</value>
<value>1.1</value>
<value>1.1</value>
<value>1.1</value>
<value>1.1</value>
<value>1.1</value>
<value>1.1</value>
<value>1.1</value>
<value>1.1</value>
<value>1.1</value>
<value>1.2</value>
<value>0.9</value>
<value>1</value>
<value>1</value>
<value>1</value>
<value>1.1</value>
<value>1</value>
<value>1.1</value>
<value>1.3</value>
<value>1.2</value>
<value>1.1</value>
<value>1.1</value>
<value>1.1</value>
<value>1.1</value>
<value>1.4</value>
<value>1.1</value>
<value>1.1</value>
<value>1.1</value>
<value>1.1</value>
<value>1.1</value>
<value>1.1</value>
<value>1.1</value>
<value>1.1</value>
<value>1</value>
<value>1</value>
<value>1</value>
<value>1</value>
<value>1</value>
<value>1</value>
<value>1.1</value>
<value>1.1</value>
<value>1.1</value>
<value>1.1</value>
<value>1</value>
<value>1.1</value>
<value>1.1</value>
<value>1.1</value>
<value>1.1</value>
<value>1.1</value>
<value>1.1</value>
<value>1.1</value>
<value>1.1</value>
<value>1.1</value>
<value>1.1</value>
<value>1.1</value>
<value>1.1</value>
<value>1.2</value>
<value>1.1</value>
<value>1.1</value>
<value>1.1</value>
<value>1.1</value>
<value>1.1</value>
<value>1.1</value>
<value>1.1</value>
<value>1.1</value>
<value>1.2</value>
<value>1.1</value>
<value>1.2</value>
<value>1.2</value>
<value>1.2</value>
<value>1.2</value>
<value>1.1</value>
<value>1.1</value>
<value>1.1</value>
<value>1.1</value>
<value>1.1</value>
<value>1.1</value>
<value>1.1</value>
<value>1.1</value>
<value>1.1</value>
<value>1.1</value>
<value>1.3</value>
<value>1.2</value>
<value>1.1</value>
<value>1.2</value>
<value>1.1</value>
<value>1.1</value>
<value>1.1</value>
<value>1.1</value>
<value>1.1</value>
<value>1.1</value>
<value>1.1</value>
<value>1.1</value>
<value>1.1</value>
<value>1.2</value>
<value>1.1</value>
<value>1.1</value>
<value>1.1</value>
<value>1.2</value>
<value>1.2</value>
<value>1.2</value>
<value>1.1</value>
<value>1.2</value>
<value>1.2</value>
<value>1.2</value>
<value>1.3</value>
<value>1.3</value>
<value>1.2</value>
<value>1.2</value>
<value>1.2</value>
<value>1.2</value>
<value>1.2</value>
<value>1.2</value>
<value>1.2</value>
<value>1.2</value>
<value>1.1</value>
<value>1.2</value>
<value>1.1</value>
<value>1.1</value>
<value>1.2</value>
<value>1.1</value>
<value>1</value>
<value>1</value>
<value>1.1</value>
<value>1.1</value>
<value>1</value>
<value>1.1</value>
<value>1</value>
<value>1</value>
<value>1</value>
<value>1</value>
<value>0.8</value>
<value>0.8</value>
<value>0.9</value>
<value>0.9</value>
<value>0.3</value>
<value>0.3</value>
<value>0</value>
<value>0</value>
<value>0</value>
<value>1</value>
<value>1</value>
<value>1</value>
<value>0.8</value>
<value>0.3</value>
<value>0.3</value>
<value>0.9</value>
<value>1</value>
<value>0.8</value>
<value>1.1</value>
<value>1</value>
<value>0.8</value>
<value>0.8</value>
<value>1</value>
<value>0.8</value>
<value>0.9</value>
<value>1</value>
<value>1</value>
<value>1</value>
<value>0.9</value>
<value>0.8</value>
<value>0.9</value>
<value>0.9</value>
<value>0.8</value>
<value>0.8</value>
<value>0.8</value>
<value>0.9</value>
<value>0.5</value>
<value>0.5</value>
<value>0.9</value>
<value>0.4</value>
<value>0.4</value>
<value>0.4</value>
<value>0.7</value>
<value>0.7</value>
<value>0.9</value>
<value>0.7</value>
<value>0.7</value>
<value>1</value>
<value>1.1</value>
<value>1.1</value>
<value>0.9</value>
<value>1</value>
<value>0.9</value>
<value>0.9</value>
<value>0.9</value>
<value>0.9</value>
<value>0.8</value>
<value>1</value>
<value>1</value>
<value>0.9</value>
<value>0.8</value>
<value>0.8</value>
<value>1.3</value>
<value>0.8</value>
<value>0.8</value>
<value>1.1</value>
<value>1.6</value>
<value>0.9</value>
<value>0.8</value>
<value>0.8</value>
<value>0</value>
<value />
</SimpleArrayData>
<SimpleArrayData name="accuracy_horizontal">
<value />
<value>29.2</value>
<value>22</value>
<value>20.6</value>
<value>16.3</value>
<value>13.9</value>
<value>12.1</value>
<value>11</value>
<value>7.9</value>
<value>7.2</value>
<value>6.9</value>
<value>4.3</value>
<value>5.7</value>
<value>3.8</value>
<value>3.8</value>
<value>4.6</value>
<value>3.8</value>
<value>3.8</value>
<value>3.8</value>
<value>3.8</value>
<value>3.8</value>
<value>9.9</value>
<value>9.9</value>
<value>9.9</value>
<value>9.9</value>
<value>9.9</value>
<value>9.9</value>
<value>9.9</value>
<value>9.9</value>
<value>9.9</value>
<value>9.9</value>
<value>9.9</value>
<value>9.9</value>
<value>9.9</value>
<value>9.9</value>
<value>9.9</value>
<value>9.9</value>
<value>9.9</value>
<value>9.9</value>
<value>9.9</value>
<value>9.9</value>
<value>9.9</value>
<value>9.9</value>
<value>9.9</value>
<value>3.8</value>
<value>3.8</value>
<value>3.8</value>
<value>3.8</value>
<value>3.8</value>
<value>3.8</value>
<value>3.8</value>
<value>3.8</value>
<value>3.8</value>
<value>3.8</value>
<value>3.8</value>
<value>3.8</value>
<value>9.9</value>
<value>9.9</value>
<value>9.9</value>
<value>9.9</value>
<value>9.9</value>
<value>9.9</value>
<value>9.9</value>
<value>9.9</value>
<value>9.9</value>
<value>3.8</value>
<value>3.8</value>
<value>3.8</value>
<value>3.8</value>
<value>3.8</value>
<value>3.8</value>
<value>3.8</value>
<value>3.8</value>
<value>9.9</value>
<value>9.9</value>
<value>9.9</value>
<value>9.9</value>
<value>9.9</value>
<value>9.9</value>
<value>9.9</value>
<value>9.9</value>
<value>9.9</value>
<value>9.9</value>
<value>9.9</value>
<value>9.9</value>
<value>9.9</value>
<value>9.9</value>
<value>9.9</value>
<value>9.9</value>
<value>9.9</value>
<value>9.9</value>
<value>9.9</value>
<value>9.9</value>
<value>9.9</value>
<value>9.9</value>
<value>9.9</value>
<value>9.9</value>
<value>9.9</value>
<value>9.9</value>
<value>9.9</value>
<value>9.9</value>
<value>9.9</value>
<value>9.9</value>
<value>9.9</value>
<value>9.9</value>
<value>9.9</value>
<value>9.9</value>
<value>9.9</value>
<value>9.9</value>
<value>3.8</value>
<value>3.8</value>
<value>3.8</value>
<value>3.8</value>
<value>3.8</value>
<value>3.8</value>
<value>3.8</value>
<value>3.8</value>
<value>3.8</value>
<value>9.9</value>
<value>9.9</value>
<value>9.9</value>
<value>9.9</value>
<value>9.9</value>
<value>9.9</value>
<value>9.9</value>
<value>9.9</value>
<value>9.9</value>
<value>9.9</value>
<value>9.9</value>
<value>9.9</value>
<value>9.9</value>
<value>9.9</value>
<value>9.9</value>
<value>9.9</value>
<value>9.9</value>
<value>9.9</value>
<value>9.9</value>
<value>9.9</value>
<value>9.9</value>
<value>9.9</value>
<value>9.9</value>
<value>9.9</value>
<value>9.9</value>
<value>9.9</value>
<value>9.9</value>
<value>9.9</value>
<value>9.9</value>
<value>3.8</value>
<value>4.5</value>
<value>3.8</value>
<value>3.8</value>
<value>3.8</value>
<value>3.8</value>
<value>3.8</value>
<value>3.8</value>
<value>9.9</value>
<value>9.9</value>
<value>9.9</value>
<value>10.3</value>
<value>9.9</value>
<value>9.9</value>
<value>9.9</value>
<value>3.8</value>
<value>3.8</value>
<value>3.8</value>
<value>3.8</value>
<value>3.8</value>
<value>3.8</value>
<value>3.8</value>
<value>3.8</value>
<value>3.8</value>
<value>3.8</value>
<value>3.8</value>
<value>3.8</value>
<value>3.8</value>
<value>3.8</value>
<value>3.8</value>
<value>3.8</value>
<value>3.8</value>
<value>3.8</value>
<value>3.8</value>
<value>4.3</value>
<value>3.8</value>
<value>3.8</value>
<value>3.8</value>
<value>3.8</value>
<value>3.8</value>
<value>3.8</value>
<value>3.8</value>
<value>9.9</value>
<value>9.9</value>
<value>9.9</value>
<value>9.9</value>
<value>9.9</value>
<value>9.9</value>
<value>9.9</value>
<value>9.9</value>
<value>9.9</value>
<value>9.9</value>
<value>9.9</value>
<value>9.9</value>
<value>9.9</value>
<value>9.9</value>
<value>9.9</value>
<value>9.9</value>
<value>9.9</value>
<value>9.9</value>
<value>9.9</value>
<value>9.9</value>
<value>3.8</value>
<value>3.8</value>
<value>3.8</value>
<value>3.8</value>
<value>3.8</value>
<value>3.8</value>
<value>3.8</value>
<value>3.8</value>
<value>3.8</value>
<value>3.8</value>
<value>9.9</value>
<value>9.9</value>
<value>9.9</value>
<value>9.9</value>
<value>9.9</value>
<value>9.9</value>
<value>9.9</value>
<value>9.9</value>
<value>9.9</value>
<value>9.9</value>
<value>9.9</value>
<value>9.9</value>
<value>9.9</value>
<value>9.9</value>
<value>9.9</value>
<value>9.9</value>
<value>9.9</value>
<value>9.9</value>
<value>9.9</value>
<value>9.9</value>
<value>9.9</value>
<value>9.9</value>
<value>9.9</value>
<value>9.9</value>
<value>9.9</value>
<value>9.9</value>
<value>9.9</value>
<value>9.9</value>
<value>9.9</value>
<value>9.9</value>
<value>9.9</value>
<value>9.9</value>
<value>9.9</value>
<value>9.9</value>
<value>9.9</value>
<value>9.9</value>
<value>9.9</value>
<value>9.9</value>
<value>9.9</value>
<value>9.9</value>
<value>9.9</value>
<value>9.9</value>
<value>9.9</value>
<value>9.9</value>
<value>9.9</value>
<value>9.9</value>
<value>9.9</value>
<value>9.9</value>
<value>9.9</value>
<value>9.9</value>
<value>9.9</value>
<value>9.9</value>
<value>9.9</value>
<value>9.9</value>
<value>9.9</value>
<value>9.9</value>
<value>9.9</value>
<value>9.9</value>
<value>9.9</value>
<value>9.9</value>
<value>9.9</value>
<value>9.9</value>
<value>9.9</value>
<value>9.9</value>
<value>9.9</value>
<value>9.9</value>
<value>9.9</value>
<value>9.9</value>
<value>9.9</value>
<value>9.9</value>
<value>9.9</value>
<value>9.9</value>
<value>9.9</value>
<value>9.9</value>
<value>9.9</value>
<value>9.9</value>
<value>9.9</value>
<value>9.9</value>
<value>9.9</value>
<value>9.9</value>
<value>9.9</value>
<value>9.9</value>
<value>9.9</value>
<value>9.9</value>
<value>9.9</value>
<value>9.9</value>
<value>9.9</value>
<value>9.9</value>
<value>9.9</value>
<value>9.9</value>
<value>9.9</value>
<value>9.9</value>
<value>9.9</value>
<value>9.9</value>
<value>9.9</value>
<value>9.9</value>
<value>9.9</value>
<value>9.9</value>
<value>9.9</value>
<value>9.9</value>
<value>9.9</value>
<value>9.9</value>
<value>9.9</value>
<value>9.9</value>
<value>9.9</value>
<value>9.9</value>
<value>9.9</value>
<value>9.9</value>
<value>9.9</value>
<value>9.9</value>
<value>9.9</value>
<value>9.9</value>
<value>9.9</value>
<value>9.9</value>
<value>9.9</value>
<value>9.9</value>
<value>9.9</value>
<value>9.9</value>
<value>9.9</value>
<value>9.9</value>
<value>9.9</value>
<value>9.9</value>
<value>9.9</value>
<value>9.9</value>
<value>9.9</value>
<value>9.9</value>
<value>9.9</value>
<value>9.9</value>
<value>9.9</value>
<value>9.9</value>
<value>9.9</value>
<value>9.9</value>
<value>9.9</value>
<value>9.9</value>
<value>9.9</value>
<value>9.9</value>
<value>9.9</value>
<value>9.9</value>
<value>9.9</value>
<value>9.9</value>
<value>3.8</value>
<value>3.8</value>
<value>3.8</value>
<value>3.8</value>
<value>3.8</value>
<value>3.8</value>
<value>3.8</value>
<value>3.8</value>
<value>9.9</value>
<value>9.9</value>
<value>9.9</value>
<value>9.9</value>
<value>9.9</value>
<value>9.9</value>
<value>9.9</value>
<value>9.9</value>
<value>9.9</value>
<value>9.9</value>
<value>9.9</value>
<value>9.9</value>
<value>9.9</value>
<value>9.9</value>
<value>9.9</value>
<value>9.9</value>
<value>9.9</value>
<value>9.9</value>
<value>9.9</value>
<value>9.9</value>
<value>9.9</value>
<value>9.9</value>
<value>9.9</value>
<value>9.9</value>
<value>9.9</value>
<value>9.9</value>
<value>9.9</value>
<value>9.9</value>
<value>9.9</value>
<value>9.9</value>
<value>9.9</value>
<value>9.9</value>
<value>9.9</value>
<value>9.9</value>
<value>10.6</value>
<value>10.1</value>
<value>10.1</value>
<value>9.9</value>
<value>9.9</value>
<value>9.9</value>
<value>9.9</value>
<value>9.9</value>
<value>9.9</value>
<value>9.9</value>
<value>9.9</value>
<value>9.9</value>
<value>9.9</value>
<value>9.9</value>
<value>9.9</value>
<value>9.9</value>
<value>9.9</value>
<value>9.9</value>
<value>3.8</value>
<value>3.8</value>
<value>3.8</value>
<value>3.8</value>
<value>3.8</value>
<value>3.8</value>
<value>3.8</value>
<value>3.8</value>
<value>3.8</value>
<value>3.8</value>
<value>3.8</value>
<value>3.8</value>
<value>3.8</value>
<value>3.8</value>
<value>3.8</value>
<value>3.8</value>
<value>3.8</value>
<value>3.8</value>
<value>3.8</value>
<value>3.8</value>
<value>3.8</value>
<value>3.8</value>
<value>3.8</value>
<value>3.8</value>
<value>3.8</value>
<value>3.8</value>
<value>3.8</value>
<value>3.8</value>
<value>3.8</value>
<value>3.8</value>
<value>3.8</value>
<value>3.8</value>
<value>3.8</value>
<value>3.8</value>
<value>3.8</value>
<value>3.8</value>
<value>3.8</value>
<value>3.8</value>
<value>3.8</value>
<value>3.8</value>
<value>3.8</value>
<value>3.8</value>
<value>3.8</value>
<value>3.8</value>
<value>3.8</value>
<value>3.8</value>
<value>3.8</value>
<value>3.8</value>
<value>3.8</value>
<value>3.8</value>
<value>3.8</value>
<value>3.8</value>
<value>3.8</value>
<value>3.8</value>
<value>9.9</value>
<value>9.9</value>
<value>9.9</value>
<value>3.8</value>
<value>3.8</value>
<value>3.8</value>
<value>3.8</value>
<value>3.8</value>
<value>3.8</value>
<value>3.8</value>
<value>3.8</value>
<value>3.8</value>
<value>3.8</value>
<value>3.8</value>
<value>3.8</value>
<value>3.8</value>
<value>10.2</value>
<value>9.9</value>
<value>9.9</value>
<value>9.9</value>
<value>3.8</value>
<value>3.8</value>
<value>3.8</value>
<value>3.8</value>
<value>3.8</value>
<value>3.8</value>
<value>3.8</value>
<value>3.8</value>
<value>9.9</value>
<value>9.9</value>
<value>9.9</value>
<value>9.9</value>
<value>9.9</value>
<value>9.9</value>
<value>9.9</value>
<value>9.9</value>
<value>9.9</value>
<value>9.9</value>
<value>9.9</value>
<value>9.9</value>
<value>9.9</value>
<value>9.9</value>
<value>9.9</value>
<value>9.9</value>
<value>9.9</value>
<value>9.9</value>
<value>9.9</value>
<value>9.9</value>
<value>9.9</value>
<value>9.9</value>
<value>3.8</value>
<value>3.8</value>
<value>3.8</value>
<value>3.8</value>
<value>3.8</value>
<value>3.8</value>
<value>3.8</value>
<value>3.8</value>
<value>3.8</value>
<value>3.8</value>
<value>3.8</value>
<value>3.8</value>
<value>3.8</value>
<value>3.8</value>
<value>3.8</value>
<value>3.8</value>
<value>3.8</value>
<value>3.8</value>
<value>3.8</value>
<value>9.9</value>
<value>9.9</value>
<value>3.8</value>
<value>3.8</value>
<value>3.8</value>
<value>3.8</value>
<value>3.8</value>
<value>3.8</value>
<value>3.8</value>
<value>3.8</value>
<value>3.8</value>
<value>3.8</value>
<value>3.8</value>
<value>3.8</value>
<value>9.9</value>
<value>9.9</value>
<value>9.9</value>
<value>9.9</value>
<value>9.9</value>
<value>9.9</value>
<value>9.9</value>
<value>9.9</value>
<value>9.9</value>
<value>9.9</value>
<value>3.8</value>
<value>3.8</value>
<value>3.8</value>
<value>3.8</value>
<value>3.8</value>
<value>3.8</value>
<value>3.8</value>
<value>3.8</value>
<value>3.8</value>
<value>3.8</value>
<value>3.8</value>
<value>3.8</value>
<value>3.8</value>
<value>3.8</value>
<value>3.8</value>
<value>3.8</value>
<value>3.8</value>
<value>3.8</value>
<value>9.9</value>
<value>9.9</value>
<value>9.9</value>
<value>9.9</value>
<value>9.9</value>
<value>9.9</value>
<value>9.9</value>
<value>9.9</value>
<value>9.9</value>
<value>9.9</value>
<value>9.9</value>
<value>9.9</value>
<value>9.9</value>
<value>9.9</value>
<value>9.9</value>
<value>9.9</value>
<value>9.9</value>
<value>9.9</value>
<value>9.9</value>
<value>9.9</value>
<value>9.9</value>
<value>9.9</value>
<value>9.9</value>
<value>9.9</value>
<value>9.9</value>
<value>9.9</value>
<value>9.9</value>
<value>9.9</value>
<value>9.9</value>
<value>9.9</value>
<value>9.9</value>
<value>9.9</value>
<value>9.9</value>
<value>9.9</value>
<value>9.9</value>
<value>9.9</value>
<value>9.9</value>
<value>9.9</value>
<value>9.9</value>
<value>9.9</value>
<value>9.9</value>
<value>9.9</value>
<value>9.9</value>
<value>9.9</value>
<value>9.9</value>
<value>9.9</value>
<value>9.9</value>
<value>9.9</value>
<value>9.9</value>
<value>9.9</value>
<value>9.9</value>
<value>9.9</value>
<value>9.9</value>
<value>9.9</value>
<value>9.9</value>
<value>9.9</value>
<value>9.9</value>
<value>9.9</value>
<value>9.9</value>
<value>9.9</value>
<value>9.9</value>
<value>9.9</value>
<value>9.9</value>
<value>9.9</value>
<value>9.9</value>
<value>9.9</value>
<value>9.9</value>
<value>9.9</value>
<value>9.9</value>
<value>9.9</value>
<value>9.9</value>
<value>9.9</value>
<value>9.9</value>
<value>9.9</value>
<value>9.9</value>
<value>9.9</value>
<value>9.9</value>
<value>9.9</value>
<value>9.9</value>
<value>9.9</value>
<value>9.9</value>
<value>9.9</value>
<value>9.9</value>
<value>9.9</value>
<value>9.9</value>
<value>9.9</value>
<value>9.9</value>
<value>9.9</value>
<value>9.9</value>
<value>9.9</value>
<value>9.9</value>
<value>9.9</value>
<value>9.9</value>
<value>9.9</value>
<value>9.9</value>
<value>9.9</value>
<value>9.9</value>
<value>9.9</value>
<value>9.9</value>
<value>9.9</value>
<value>9.9</value>
<value>9.9</value>
<value>9.9</value>
<value>9.9</value>
<value>9.9</value>
<value>9.9</value>
<value>9.9</value>
<value>9.9</value>
<value>9.9</value>
<value>9.9</value>
<value>9.9</value>
<value>3.8</value>
<value>3.8</value>
<value>3.8</value>
<value>3.8</value>
<value>3.8</value>
<value>3.8</value>
<value>3.8</value>
<value>3.8</value>
<value>3.8</value>
<value>3.8</value>
<value>3.8</value>
<value>3.8</value>
<value>9.9</value>
<value>9.9</value>
<value>9.9</value>
<value>9.9</value>
<value>9.9</value>
<value>9.9</value>
<value>3.8</value>
<value>3.8</value>
<value>3.8</value>
<value>3.8</value>
<value>3.8</value>
<value>3.8</value>
<value>3.8</value>
<value>3.8</value>
<value>9.9</value>
<value>9.9</value>
<value>9.9</value>
<value>9.9</value>
<value>9.9</value>
<value>9.9</value>
<value>9.9</value>
<value>9.9</value>
<value>9.9</value>
<value>9.9</value>
<value>9.9</value>
<value>9.9</value>
<value>3.8</value>
<value>3.8</value>
<value>3.8</value>
<value>3.8</value>
<value>3.8</value>
<value>3.8</value>
<value>3.8</value>
<value>3.8</value>
<value>3.8</value>
<value>3.8</value>
<value>3.8</value>
<value>3.8</value>
<value>3.8</value>
<value>3.8</value>
<value>3.8</value>
<value>3.8</value>
<value>3.8</value>
<value>3.8</value>
<value>3.8</value>
<value>3.8</value>
<value>3.8</value>
<value>3.8</value>
<value>3.8</value>
<value>3.8</value>
<value>3.8</value>
<value>3.8</value>
<value>22.8</value>
<value />
</SimpleArrayData>
</SchemaData>
</ExtendedData>
</Track>
</MultiTrack>
</Placemark>
</Document>
</kml>
